time,AOD
01-12-2024 05:30,0.3451681
01-12-2024 06:30,0.4265176
01-12-2024 07:30,0.5080873
01-12-2024 08:30,0.3999935
01-02-2025 05:30,1.2793844
01-02-2025 06:30,1.2654107
01-02-2025 07:30,1.383378
01-01-2025 05:30,2.0988607
01-01-2025 06:30,2.0988607
01-01-2025 07:30,2.3703644
01-01-2025 08:30,1.827357
01-11-2024 05:30,1.4874824
01-11-2024 06:30,1.4207697
01-11-2024 07:30,1.3808396
01-11-2024 08:30,1.2997586
01-10-2024 05:30,0.22128898
01-10-2024 06:30,0.23092262
01-10-2024 07:30,0.22147292
01-10-2024 08:30,0.23233229
02-12-2024 05:30,0.36581618
02-12-2024 06:30,0.4983108
02-12-2024 07:30,0.50237715
02-12-2024 08:30,0.35702935
02-02-2025 05:30,1.9159514
02-02-2025 06:30,0.9227122
02-02-2025 07:30,0.8718667
02-02-2025 08:30,0.92666125
02-01-2025 05:30,2.0674
02-01-2025 06:30,2.4040098
02-01-2025 07:30,2.0674
02-01-2025 08:30,1.7307901
02-11-2024 05:30,1.5498221
02-11-2024 06:30,1.4169078
02-11-2024 07:30,1.4628226
02-11-2024 08:30,1.5070443
02-10-2024 05:30,0.22886835
02-10-2024 06:30,0.2589306
02-10-2024 07:30,0.20526415
02-10-2024 08:30,0.20739135
03-12-2024 05:30,0.43387556
03-12-2024 06:30,0.4548828
03-12-2024 07:30,0.4835682
03-12-2024 08:30,0.3834602
03-02-2025 05:30,0.55584663
03-02-2025 06:30,0.320097
03-02-2025 07:30,0.2900441
03-02-2025 08:30,0.324551
03-01-2025 05:30,2.1399465
03-01-2025 06:30,2.1399465
03-01-2025 07:30,2.6142828
03-01-2025 08:30,1.6656103
03-11-2024 05:30,1.445796
03-11-2024 06:30,1.345466
03-11-2024 07:30,1.4734212
03-11-2024 08:30,1.5536646
03-10-2024 05:30,0.2675092
03-10-2024 06:30,0.30214107
03-10-2024 07:30,0.23684727
03-10-2024 08:30,0.22167562
04-12-2024 05:30,0.36252356
04-12-2024 06:30,0.4235581
04-12-2024 07:30,0.35550037
04-12-2024 08:30,0.28761044
04-02-2025 05:30,2.120552
04-02-2025 06:30,2.120552
04-02-2025 07:30,2.120552
04-02-2025 08:30,2.120552
04-01-2025 05:30,1.8133402
04-01-2025 06:30,2.4991353
04-01-2025 07:30,1.7068002
04-01-2025 08:30,1.2340848
04-11-2024 05:30,1.6916301
04-11-2024 06:30,1.5583844
04-11-2024 07:30,1.6770853
04-11-2024 08:30,1.7485824
04-10-2024 05:30,0.26245958
04-10-2024 06:30,0.30422217
04-10-2024 07:30,0.2609874
05-12-2024 05:30,0.4071843
05-12-2024 06:30,0.4584693
05-12-2024 07:30,0.43566406
05-12-2024 08:30,0.3720111
05-02-2025 05:30,0.48369166
05-02-2025 06:30,0.40085518
05-02-2025 07:30,0.46062815
05-02-2025 08:30,0.4532445
05-01-2025 05:30,1.2653663
05-01-2025 06:30,1.6770786
05-01-2025 08:30,0.853654
05-11-2024 05:30,1.4873815
05-11-2024 06:30,1.3242769
05-11-2024 07:30,1.4467711
05-11-2024 08:30,1.5079927
05-10-2024 05:30,0.2855202
05-10-2024 06:30,0.332253
05-10-2024 07:30,0.31552878
05-10-2024 08:30,0.31896225
06-12-2024 05:30,0.45084643
06-12-2024 06:30,0.4437596
06-12-2024 07:30,0.41475514
06-12-2024 08:30,0.40727684
06-02-2025 05:30,0.40102047
06-02-2025 06:30,0.30390686
06-02-2025 07:30,0.36445367
06-02-2025 08:30,0.35733786
06-01-2025 05:30,2.7190373
06-01-2025 06:30,2.7190373
06-01-2025 07:30,2.7190373
06-01-2025 08:30,2.7190373
06-11-2024 05:30,1.4925702
06-11-2024 06:30,1.1750828
06-11-2024 07:30,1.509723
06-11-2024 08:30,1.5632668
06-10-2024 05:30,0.29267836
06-10-2024 06:30,0.3282285
06-10-2024 07:30,0.3277134
06-10-2024 08:30,0.3221194
07-12-2024 05:30,0.47619504
07-12-2024 06:30,0.46869624
07-12-2024 07:30,0.45796335
07-12-2024 08:30,0.42802772
07-02-2025 05:30,0.36841157
07-02-2025 06:30,0.39892754
07-02-2025 07:30,0.3925631
07-02-2025 08:30,0.37323388
07-01-2025 05:30,2.1847372
07-01-2025 06:30,2.1847372
07-01-2025 07:30,2.1847372
07-01-2025 08:30,2.1847372
07-11-2024 05:30,1.5977969
07-11-2024 06:30,1.2915264
07-11-2024 07:30,1.368327
07-11-2024 08:30,1.4777113
07-10-2024 05:30,0.29990578
07-10-2024 06:30,0.35436615
07-10-2024 07:30,0.32901505
07-10-2024 08:30,0.31843755
08-12-2024 05:30,1.6710422
08-12-2024 06:30,2.3588548
08-12-2024 07:30,2.4097166
08-12-2024 08:30,2.1465378
08-02-2025 05:30,0.45438442
08-02-2025 06:30,0.4301778
08-02-2025 07:30,0.4679454
08-02-2025 08:30,0.38918817
08-01-2025 05:30,0.24012099
08-01-2025 06:30,0.20913322
08-01-2025 07:30,0.20476355
08-01-2025 08:30,0.15152362
08-11-2024 05:30,1.3524659
08-11-2024 06:30,1.3495572
08-11-2024 07:30,1.4256139
08-11-2024 08:30,1.515187
08-10-2024 05:30,0.34544
08-10-2024 06:30,0.87845975
08-10-2024 07:30,0.38643044
08-10-2024 08:30,0.39537534
09-12-2024 05:30,0.6219084
09-12-2024 06:30,0.62051356
09-12-2024 07:30,0.7175668
09-12-2024 08:30,0.7926982
09-02-2025 05:30,0.52378124
09-02-2025 06:30,0.6374575
09-02-2025 07:30,0.5867439
09-02-2025 08:30,0.56323975
09-01-2025 05:30,0.5235986
09-01-2025 06:30,0.56763667
09-01-2025 07:30,0.56496173
09-01-2025 08:30,0.7375284
09-11-2024 05:30,1.1064247
09-11-2024 06:30,1.1326323
09-11-2024 07:30,1.2020366
09-11-2024 08:30,1.2383074
09-10-2024 05:30,0.30788144
09-10-2024 06:30,0.79559374
09-10-2024 07:30,0.8130832
09-10-2024 08:30,0.82285094
10-12-2024 05:30,0.40468025
10-12-2024 06:30,0.39464623
10-12-2024 07:30,0.39460343
10-12-2024 08:30,0.37128326
10-02-2025 05:30,0.67273414
10-02-2025 06:30,0.80868983
10-02-2025 07:30,0.72013324
10-02-2025 08:30,1.3187697
10-01-2025 05:30,1.9273157
10-01-2025 06:30,2.3854823
10-01-2025 07:30,1.928063
10-01-2025 08:30,1.4684018
10-11-2024 05:30,1.0643587
10-11-2024 06:30,1.112692
10-11-2024 07:30,1.1935953
10-11-2024 08:30,1.2419444
10-10-2024 05:30,0.9015486
10-10-2024 06:30,0.9816826
10-10-2024 07:30,0.9495479
10-10-2024 08:30,0.92893934
11-12-2024 05:30,0.47278032
11-12-2024 06:30,0.51252455
11-12-2024 07:30,0.4794353
11-12-2024 08:30,0.43424737
11-02-2025 05:30,0.604495
11-02-2025 06:30,0.5027139
11-02-2025 07:30,0.5178691
11-02-2025 08:30,0.56018406
11-01-2025 05:30,2.1606257
11-01-2025 06:30,2.1606257
11-01-2025 07:30,2.1606257
11-01-2025 08:30,2.1606257
11-11-2024 05:30,1.12655
11-11-2024 06:30,1.1728315
11-11-2024 07:30,1.2595569
11-10-2024 05:30,0.86320806
11-10-2024 06:30,0.9309439
11-10-2024 07:30,0.8591542
11-10-2024 08:30,0.8540013
12-12-2024 05:30,0.450871
12-12-2024 06:30,0.4790691
12-12-2024 07:30,0.5294041
12-02-2025 05:30,0.511474
12-02-2025 06:30,0.50044894
12-02-2025 07:30,0.46262777
12-02-2025 08:30,0.524329
12-01-2025 05:30,2.6867976
12-01-2025 06:30,2.6867976
12-01-2025 07:30,2.6867976
12-01-2025 08:30,2.6867976
12-11-2024 05:30,1.0127751
12-11-2024 06:30,1.0452392
12-11-2024 07:30,1.0322676
12-10-2024 05:30,0.910829
12-10-2024 06:30,0.92133313
12-10-2024 07:30,0.8948281
12-10-2024 08:30,0.89821696
13-12-2024 05:30,0.41931438
13-12-2024 06:30,0.47529095
13-12-2024 07:30,0.41893816
13-12-2024 08:30,0.43232083
13-02-2025 05:30,0.55190605
13-02-2025 06:30,0.52240384
13-02-2025 07:30,0.5030679
13-02-2025 08:30,0.47632468
13-01-2025 05:30,1.1361176
13-01-2025 06:30,0.601001
13-01-2025 07:30,0.44273323
13-01-2025 08:30,0.35482147
13-11-2024 05:30,2.8662453
13-11-2024 06:30,2.2375612
13-11-2024 07:30,1.7762222
13-11-2024 08:30,1.6378758
13-10-2024 05:30,1.1687922
13-10-2024 06:30,1.099339
13-10-2024 07:30,1.0963017
13-10-2024 08:30,1.2139951
14-12-2024 05:30,0.4346501
14-12-2024 06:30,0.43884864
14-12-2024 07:30,0.3889302
14-12-2024 08:30,0.40237287
14-02-2025 05:30,0.51375926
14-02-2025 06:30,0.5120214
14-02-2025 07:30,0.45619416
14-02-2025 08:30,0.451836
14-01-2025 05:30,0.73988295
14-01-2025 06:30,0.5054845
14-01-2025 07:30,0.36037046
14-01-2025 08:30,0.33018726
14-11-2024 05:30,2.153365
14-11-2024 06:30,1.7030507
14-11-2024 07:30,1.5993965
14-11-2024 08:30,1.5431011
14-10-2024 05:30,0.8503532
14-10-2024 06:30,0.84139085
14-10-2024 07:30,0.90556395
14-10-2024 08:30,0.869405
15-12-2024 05:30,0.52104944
15-12-2024 06:30,0.4510227
15-12-2024 07:30,0.5296239
15-12-2024 08:30,0.5382353
15-02-2025 05:30,1.1850991
15-02-2025 06:30,0.925348
15-02-2025 07:30,0.8328127
15-02-2025 08:30,0.78254354
15-01-2025 05:30,2.6640995
15-01-2025 06:30,2.6640995
15-01-2025 07:30,2.6640995
15-01-2025 08:30,2.6640995
15-11-2024 05:30,1.4335485
15-11-2024 06:30,1.2756625
15-11-2024 07:30,1.1708256
15-11-2024 08:30,1.1419772
15-10-2024 05:30,0.9588327
15-10-2024 06:30,0.9575306
15-10-2024 07:30,0.9673961
15-10-2024 08:30,0.9525577
16-12-2024 05:30,0.47103468
16-12-2024 06:30,0.44290778
16-12-2024 07:30,0.5102395
16-12-2024 08:30,0.6011123
16-02-2025 05:30,0.8655036
16-02-2025 06:30,0.65393925
16-02-2025 07:30,0.88164735
16-02-2025 08:30,1.1868709
16-01-2025 05:30,2.9003463
16-01-2025 06:30,1.9082189
16-01-2025 07:30,1.5470484
16-01-2025 08:30,1.2875699
16-11-2024 05:30,1.5534881
16-11-2024 06:30,1.5029379
16-11-2024 07:30,1.4762727
16-11-2024 08:30,1.4334381
16-10-2024 05:30,1.2297521
16-10-2024 06:30,1.3223932
16-10-2024 07:30,1.1964993
16-10-2024 08:30,1.6966674
17-12-2024 05:30,0.49997592
17-12-2024 06:30,0.4942696
17-12-2024 07:30,0.60552835
17-12-2024 08:30,0.84696144
17-02-2025 05:30,1.1256411
17-02-2025 06:30,0.7716291
17-02-2025 07:30,0.7080994
17-02-2025 08:30,0.77649325
17-01-2025 05:30,1.8259382
17-01-2025 06:30,1.3397988
17-01-2025 07:30,0.8656977
17-01-2025 08:30,0.9176485
17-11-2024 05:30,1.3940376
17-11-2024 06:30,1.7164996
17-11-2024 07:30,2.396773
17-11-2024 08:30,2.7135556
17-10-2024 05:30,1.2166673
17-10-2024 06:30,1.1353302
17-10-2024 07:30,1.1445894
17-10-2024 08:30,1.8756956
18-12-2024 05:30,0.68909246
18-12-2024 06:30,0.53604877
18-12-2024 07:30,0.66298485
18-12-2024 08:30,0.8651512
18-02-2025 05:30,2.034054
18-02-2025 06:30,1.0067008
18-02-2025 07:30,0.8328708
18-02-2025 08:30,0.78422576
18-01-2025 05:30,1.9877187
18-01-2025 06:30,1.5530031
18-01-2025 07:30,2.6032205
18-01-2025 08:30,0.9911489
18-11-2024 05:30,2.1803102
18-11-2024 06:30,2.1549177
18-10-2024 05:30,0.9410239
18-10-2024 06:30,0.91050506
18-10-2024 07:30,0.9683902
18-10-2024 08:30,1.0049067
18-09-2024 05:30,0.19278307
18-09-2024 06:30,0.19278307
18-09-2024 07:30,0.19278307
18-09-2024 08:30,0.19278307
19-12-2024 05:30,0.7771099
19-12-2024 06:30,0.68346655
19-12-2024 07:30,0.644382
19-12-2024 08:30,0.7429935
19-02-2025 05:30,1.4395599
19-02-2025 06:30,1.6258123
19-02-2025 07:30,1.5017221
19-02-2025 08:30,1.2271949
19-01-2025 05:30,0.44029468
19-01-2025 06:30,0.4362545
19-01-2025 07:30,0.4848863
19-01-2025 08:30,0.6235564
19-11-2024 06:30,1.5454946
19-11-2024 07:30,1.7363269
19-11-2024 08:30,2.096186
19-10-2024 05:30,0.9450114
19-10-2024 06:30,0.90945375
19-10-2024 07:30,0.9411449
19-10-2024 08:30,0.96388894
19-09-2024 05:30,0.19278307
19-09-2024 06:30,0.19278307
19-09-2024 07:30,0.19278307
19-09-2024 08:30,0.19278307
20-12-2024 05:30,0.5383229
20-12-2024 06:30,0.5215089
20-12-2024 07:30,0.61238587
20-12-2024 08:30,0.80244845
20-02-2025 05:30,1.3867606
20-02-2025 06:30,1.3179826
20-02-2025 07:30,1.3109736
20-02-2025 08:30,1.253505
20-01-2025 05:30,0.22371858
20-01-2025 06:30,0.19716826
20-01-2025 07:30,0.29076296
20-01-2025 08:30,0.38769734
20-11-2024 05:30,0.40738937
20-11-2024 06:30,0.6925727
20-11-2024 07:30,0.7119673
20-11-2024 08:30,0.9245172
20-10-2024 05:30,0.9818739
20-10-2024 06:30,0.92856133
20-10-2024 07:30,1.0425473
20-10-2024 08:30,1.1004986
20-09-2024 05:30,0.19278307
20-09-2024 06:30,0.21539526
20-09-2024 07:30,0.19370246
20-09-2024 08:30,0.2311315
21-12-2024 05:30,0.29592842
21-12-2024 06:30,0.27322784
21-12-2024 07:30,0.37251046
21-12-2024 08:30,0.51952434
21-02-2025 05:30,0.759215
21-02-2025 06:30,0.8639051
21-02-2025 07:30,1.9635316
21-02-2025 08:30,1.2546504
21-01-2025 05:30,0.2280606
21-01-2025 06:30,0.22908163
21-01-2025 07:30,0.20873517
21-01-2025 08:30,0.23525368
21-11-2024 05:30,0.43402052
21-11-2024 06:30,0.5986517
21-11-2024 07:30,0.5161234
21-11-2024 08:30,0.31849775
21-10-2024 05:30,0.9606038
21-10-2024 06:30,0.90434873
21-10-2024 07:30,1.047687
21-10-2024 08:30,1.1203773
21-09-2024 05:30,0.48262772
21-09-2024 06:30,0.31536144
21-09-2024 07:30,0.67363364
21-09-2024 08:30,0.45888802
22-12-2024 05:30,0.4642384
22-12-2024 06:30,0.46619773
22-12-2024 07:30,0.58381057
22-12-2024 08:30,0.78144747
22-02-2025 05:30,0.9376643
22-02-2025 06:30,0.95350355
22-02-2025 07:30,1.1165348
22-02-2025 08:30,0.9292691
22-01-2025 05:30,0.27314198
22-01-2025 06:30,0.34354264
22-01-2025 07:30,0.48827398
22-01-2025 08:30,0.70811325
22-11-2024 05:30,0.55759704
22-11-2024 06:30,0.8102391
22-11-2024 07:30,0.91487896
22-11-2024 08:30,1.0172399
22-10-2024 05:30,0.9501771
22-10-2024 06:30,0.8855766
22-10-2024 07:30,1.0329275
22-10-2024 08:30,1.0956308
22-09-2024 05:30,0.52648336
22-09-2024 06:30,0.43747896
22-09-2024 07:30,0.28219748
22-09-2024 08:30,0.19379535
23-12-2024 05:30,1.767928
23-12-2024 06:30,1.8149033
23-12-2024 07:30,1.8618785
23-02-2025 05:30,0.6843414
23-02-2025 06:30,0.7493821
23-02-2025 07:30,0.66178733
23-02-2025 08:30,0.6835063
23-01-2025 05:30,0.69000125
23-01-2025 06:30,0.55455625
23-01-2025 07:30,0.64001524
23-01-2025 08:30,0.6026582
23-11-2024 05:30,0.47415745
23-11-2024 06:30,0.64981335
23-11-2024 07:30,0.83271945
23-11-2024 08:30,0.75131875
23-10-2024 05:30,0.9567663
23-10-2024 06:30,1.5043126
23-10-2024 07:30,1.0765018
23-10-2024 08:30,1.178923
23-09-2024 05:30,0.6938056
23-09-2024 06:30,0.59095055
23-09-2024 07:30,0.5909485
23-09-2024 08:30,0.45016274
24-12-2024 05:30,2.8953342
24-12-2024 06:30,2.0489066
24-12-2024 07:30,2.4721203
24-12-2024 08:30,2.4721203
24-02-2025 05:30,0.69927293
24-02-2025 06:30,0.7909204
24-02-2025 07:30,0.74154633
24-02-2025 08:30,0.8057327
24-01-2025 05:30,0.27860597
24-01-2025 06:30,0.20336756
24-01-2025 07:30,0.2362592
24-01-2025 08:30,0.29395646
24-11-2024 05:30,0.39020267
24-11-2024 06:30,0.4456559
24-11-2024 07:30,0.40547296
24-11-2024 08:30,0.26263997
24-10-2024 05:30,0.89270955
24-10-2024 06:30,0.7105898
24-10-2024 07:30,1.2587646
24-10-2024 08:30,0.9540213
24-09-2024 05:30,0.79159725
24-09-2024 06:30,0.79159725
24-09-2024 07:30,0.49964374
24-09-2024 08:30,1.0835507
25-12-2024 05:30,0.72377926
25-12-2024 06:30,0.66998035
25-12-2024 07:30,0.7362465
25-12-2024 08:30,0.86640894
25-02-2025 05:30,1.0004963
25-02-2025 06:30,1.0931326
25-02-2025 07:30,1.3493081
25-02-2025 08:30,2.0652978
25-01-2025 05:30,0.32000569
25-01-2025 06:30,0.23608506
25-01-2025 07:30,0.31213456
25-01-2025 08:30,0.2865267
25-11-2024 05:30,1.1072419
25-11-2024 06:30,1.1512402
25-11-2024 07:30,1.3415334
25-11-2024 08:30,1.5695993
25-10-2024 05:30,1.4329907
25-10-2024 06:30,0.84151626
25-10-2024 07:30,0.9415083
25-10-2024 08:30,0.8407506
25-09-2024 05:30,0.6858893
25-09-2024 07:30,0.69575477
25-09-2024 08:30,0.67602384
26-12-2024 05:30,0.5450016
26-12-2024 06:30,0.5258413
26-12-2024 07:30,0.64007026
26-12-2024 08:30,0.86470205
26-02-2025 05:30,1.0991299
26-02-2025 06:30,1.0320617
26-02-2025 07:30,1.039043
26-02-2025 08:30,1.269311
26-01-2025 05:30,0.39028582
26-01-2025 06:30,0.3182622
26-01-2025 07:30,0.33580294
26-01-2025 08:30,0.31389588
26-11-2024 05:30,0.36159423
26-11-2024 06:30,0.39124477
26-11-2024 07:30,0.4639759
26-11-2024 08:30,0.71443766
26-10-2024 05:30,1.5501448
26-10-2024 06:30,1.5139787
26-10-2024 07:30,1.4901636
26-10-2024 08:30,1.4176717
26-09-2024 05:30,0.967635
26-09-2024 06:30,1.1956564
26-09-2024 07:30,0.8076581
26-09-2024 08:30,0.4609176
27-12-2024 05:30,1.3871288
27-12-2024 06:30,1.4120064
27-12-2024 07:30,1.4368838
27-12-2024 08:30,1.4617612
27-02-2025 05:30,1.616727
27-02-2025 06:30,1.6332706
27-02-2025 07:30,1.6498142
27-02-2025 08:30,1.6663579
27-01-2025 05:30,0.4845456
27-01-2025 06:30,0.37972113
27-01-2025 07:30,0.4006641
27-01-2025 08:30,0.40378186
27-11-2024 05:30,0.3902036
27-11-2024 06:30,0.4357975
27-11-2024 07:30,0.4767964
27-11-2024 08:30,0.4240996
27-10-2024 05:30,1.5994655
27-10-2024 06:30,1.5599724
27-10-2024 07:30,1.6257247
27-10-2024 08:30,1.6395547
27-09-2024 05:30,0.6434724
27-09-2024 06:30,0.58508205
27-09-2024 07:30,0.8230665
27-09-2024 08:30,0.8885862
28-12-2024 05:30,1.9841881
28-12-2024 06:30,2.0090656
28-12-2024 07:30,2.033943
28-12-2024 08:30,2.0588205
28-02-2025 05:30,2.013774
28-02-2025 06:30,2.013774
28-02-2025 07:30,2.0992093
28-02-2025 08:30,1.9283383
28-01-2025 05:30,0.45017722
28-01-2025 06:30,0.3203305
28-01-2025 07:30,0.3579023
28-01-2025 08:30,0.36613646
28-11-2024 05:30,0.37049556
28-11-2024 06:30,0.41551375
28-11-2024 07:30,0.41037568
28-11-2024 08:30,0.41489428
28-10-2024 05:30,1.5648375
28-10-2024 06:30,1.5666009
28-10-2024 07:30,1.6211114
28-10-2024 08:30,1.6180999
28-09-2024 05:30,1.1447424
28-09-2024 06:30,1.5222409
28-09-2024 07:30,1.9290326
28-09-2024 08:30,1.5320053
29-12-2024 05:30,2.5812473
29-12-2024 06:30,2.3265426
29-12-2024 07:30,2.5040226
29-12-2024 08:30,1.9449347
29-01-2025 05:30,0.60588944
29-01-2025 06:30,0.5132357
29-01-2025 07:30,0.6576416
29-01-2025 08:30,0.7235717
29-11-2024 05:30,0.39516598
29-11-2024 06:30,0.4213581
29-11-2024 07:30,0.47951284
29-11-2024 08:30,0.5311028
29-10-2024 05:30,1.482254
29-10-2024 06:30,1.4454253
29-10-2024 07:30,1.4987814
29-10-2024 08:30,1.4841908
29-09-2024 05:30,1.1849924
29-09-2024 06:30,1.328349
29-09-2024 07:30,1.2566707
29-09-2024 08:30,1.2566707
30-12-2024 08:30,2.103225
30-01-2025 05:30,0.6532249
30-01-2025 06:30,0.48795822
30-01-2025 07:30,0.54285485
30-01-2025 08:30,0.6242659
30-11-2024 05:30,0.41130844
30-11-2024 06:30,0.46784174
30-11-2024 07:30,0.4769896
30-11-2024 08:30,0.4041872
30-10-2024 05:30,1.499885
30-10-2024 06:30,1.4251366
30-10-2024 07:30,1.4868994
30-10-2024 08:30,1.4653053
30-09-2024 05:30,0.4093451
30-09-2024 06:30,0.44553572
30-09-2024 07:30,0.8147802
30-09-2024 08:30,0.5525472
31-12-2024 05:30,2.1611557
31-12-2024 06:30,2.1611557
31-12-2024 07:30,2.5572348
31-12-2024 08:30,1.7650766
31-01-2025 05:30,0.8725185
31-01-2025 06:30,0.7258777
31-01-2025 07:30,0.72342646
31-01-2025 08:30,0.8406837
31-10-2024 05:30,1.5989661
31-10-2024 06:30,1.4979575
31-10-2024 07:30,1.5491501
31-10-2024 08:30,1.5578406
