time,Sea level pressue,east wind 10m,north wind 10m,Surface skin temp,TQV,PM2.5,AOD
11-09-2024 05:30,1001.53406,-1.7759278,-0.42583644,307.9706,58.5494,13,0.988334655
11-09-2024 06:30,1000.99786,-2.3038428,-0.25120163,308.40866,61.439472,29,0.988334655
11-09-2024 07:30,1000.29596,-2.6524692,-0.19267565,308.1414,64.2356,38,0.988334655
11-09-2024 08:30,999.4983,-2.8824282,-0.26084673,306.82867,67.14113,18,0.988334655
12-09-2024 05:30,999.6362,-2.6091764,-4.1897006,301.92044,71.69859,131.05,0.988334655
12-09-2024 06:30,999.3292,-2.9521747,-4.074748,302.75476,70.760994,8,0.988334655
12-09-2024 07:30,998.9419,-3.11163,-4.1438265,303.27887,70.29245,9,0.988334655
12-09-2024 08:30,998.5853,-3.1722684,-4.172171,303.01035,69.76104,7,0.988334655
13-09-2024 05:30,999.9308,6.3946104,-0.9738958,304.2633,44.250023,27,0.988334655
13-09-2024 06:30,1000.09784,5.88493,-0.7856926,305.02237,45.922092,18,0.988334655
13-09-2024 07:30,1000.04486,5.2106576,-0.75226736,305.3443,47.844288,22,0.988334655
13-09-2024 08:30,999.80975,4.5463586,-0.8536151,305.11664,49.672585,35,0.988334655
14-09-2024 05:30,1003.5136,4.938215,-1.7661219,304.11908,41.764633,27,0.988334655
14-09-2024 06:30,1003.2664,4.2397466,-1.8251766,305.05258,42.951782,30,0.988334655
14-09-2024 07:30,1002.79846,3.814045,-1.606569,305.39276,43.93639,34,0.988334655
14-09-2024 08:30,1002.25586,3.6032546,-1.3667798,305.08344,44.546135,31,0.988334655
15-09-2024 05:30,1004.012,4.0896235,-2.2281942,304.5755,37.94476,28,0.19278307
15-09-2024 06:30,1003.7572,3.7439125,-2.2727816,305.3108,37.70996,33,0.19278307
15-09-2024 07:30,1003.23065,3.4883392,-2.2366977,305.66364,37.19388,34,0.19278307
15-09-2024 08:30,1002.51666,3.327053,-2.2133489,305.42743,36.474693,33,0.19278307
16-09-2024 05:30,1005.96716,3.1966567,-2.3729925,304.5543,37.49119,27,0.19278307
16-09-2024 06:30,1005.85,2.9551249,-2.8851054,305.2932,37.585125,28,0.19278307
16-09-2024 07:30,1005.4414,2.8222394,-3.2487316,305.39117,37.585373,34,0.19278307
16-09-2024 08:30,1004.8191,2.6769707,-3.4561973,305.16028,37.335354,40,0.19278307
17-09-2024 05:30,1007.02936,0.75283206,-2.4170876,305.10132,45.70965,46,0.19278307
17-09-2024 06:30,1006.5657,0.120452195,-2.6987069,305.54254,47.209377,45,0.21539526
17-09-2024 07:30,1005.8936,-0.5125308,-2.7747583,305.8803,48.584232,53,0.19370246
17-09-2024 08:30,1005.1236,-1.003758,-2.7097487,305.55792,49.81836,55,0.2311315
18-09-2024 05:30,1005.8345,-3.7726045,0.4807697,304.91974,55.690826,58,0.48262772
18-09-2024 06:30,1005.48346,-4.453655,-0.021394253,304.83545,56.65949,11,0.31536144
18-09-2024 07:30,1004.8773,-5.0712633,-0.5939281,304.5208,57.784286,20,0.67363364
18-09-2024 08:30,1004.2248,-5.4096785,-1.2861533,303.42834,59.377926,7,0.45888802
19-09-2024 05:30,1005.587,-4.846741,1.3953166,303.95395,56.878742,35,0.52648336
19-09-2024 06:30,1005.01953,-5.119179,1.5826073,304.79105,56.613075,40,0.43747896
19-09-2024 07:30,1004.20624,-5.3009653,1.7875433,304.94016,56.113167,34,0.28219748
19-09-2024 08:30,1003.3667,-5.2576485,1.9315715,304.65958,55.238503,31,0.19379535
20-09-2024 05:30,1005.8208,-1.9423393,0.82953787,306.2751,43.082184,9,0.6938056
20-09-2024 06:30,1005.35376,-2.1276722,0.6941736,307.12354,44.082157,23,0.59095055
20-09-2024 07:30,1004.57904,-2.248855,0.45923457,307.45468,45.019714,20,0.5909485
20-09-2024 08:30,1003.7032,-2.3508859,0.22351973,307.10596,45.879406,20,0.45016274
21-09-2024 05:30,1007.57404,-2.838853,-0.3854335,306.06195,49.753044,28,0.79159725
21-09-2024 06:30,1006.84283,-2.8413281,-0.13736999,306.86243,50.00278,27,0.79159725
21-09-2024 07:30,1005.83923,-2.6049087,0.062119365,307.14813,50.158886,31,0.49964374
21-09-2024 08:30,1004.9015,-2.1784732,0.20194674,307.07355,50.175194,29,1.0835507
22-09-2024 05:30,1006.10205,-0.048832536,-1.0775198,308.39532,45.750935,73,0.6858893
22-09-2024 06:30,1005.3686,-0.03673899,-1.4260284,308.56964,45.641254,56,0.69575477
22-09-2024 07:30,1004.4071,0.04807496,-1.8065186,308.51535,45.62455,55,0.67602384
22-09-2024 08:30,1003.4084,0.13918388,-2.1668985,307.85587,45.54521,57,0.967635
23-09-2024 05:30,1006.3513,0.9108299,-0.21779883,308.23895,47.40827,68,1.1956564
23-09-2024 06:30,1005.8708,0.724912,-0.37379336,309.0997,48.971077,74,0.8076581
23-09-2024 07:30,1005.1786,0.6625226,-0.49701273,309.09375,50.126602,70,0.4609176
23-09-2024 08:30,1004.3755,0.74057114,-0.70972866,308.31793,50.813675,66,0.6434724
24-09-2024 05:30,1005.1511,-0.81464326,-0.14989114,308.6457,50.263527,95,0.58508205
24-09-2024 06:30,1004.2579,-0.7210374,-0.09742856,308.80563,50.435795,94,0.8230665
24-09-2024 07:30,1003.2096,-0.522416,-0.1295675,309.23035,50.576336,88,0.8885862
24-09-2024 08:30,1002.1953,-0.34285724,-0.2904662,308.88657,50.77983,95,1.1447424
25-09-2024 05:30,1005.4356,-1.9874868,2.7160385,305.38382,46.444637,88,1.5222409
25-09-2024 06:30,1004.84467,-2.2326994,2.4245434,305.74225,46.63511,106,1.9290326
25-09-2024 07:30,1003.9433,-2.2822108,2.1676118,306.22684,46.47802,78,1.5320053
25-09-2024 08:30,1003.09155,-2.3614721,1.8886111,306.0454,46.445683,69,1.1849924
26-09-2024 05:30,1005.69836,-3.0106022,2.4333758,303.22153,55.032986,33,1.328349
26-09-2024 06:30,1004.96783,-2.8609827,2.060282,303.96472,55.830227,36,1.2566707
26-09-2024 07:30,1004.16766,-2.8832219,1.3215687,304.4063,56.9699,30,1.2566707
26-09-2024 08:30,1003.33875,-2.8959026,0.66296995,304.50574,57.95356,30,0.4093451
27-09-2024 05:30,1005.1614,-6.2256393,-1.1188241,304.1159,50.507675,2,0.44553572
27-09-2024 06:30,1004.6205,-6.3602324,-1.9628444,305.20206,51.17984,2,0.8147802
27-09-2024 07:30,1003.66327,-6.215581,-2.7410374,305.58984,51.92998,7,0.5525472
27-09-2024 08:30,1002.6258,-5.856781,-3.2513413,305.35162,52.63401,7,0.22128898
28-09-2024 05:30,1006.16565,-2.7255068,-4.717459,304.52625,43.641888,8,0.23092262
28-09-2024 06:30,1005.78076,-2.5392632,-5.429279,305.10773,44.938385,13,0.22147292
28-09-2024 07:30,1005.02075,-2.5484104,-5.7550826,305.42224,46.625385,19,0.23233229
28-09-2024 08:30,1004.3116,-2.6198661,-5.8847475,304.957,48.515434,29,0.22886835
29-09-2024 05:30,1009.257,-1.3891673,-1.4548448,306.7812,44.306526,19,0.2589306
29-09-2024 06:30,1008.54626,-1.3134935,-1.925381,307.3711,44.682556,23,0.20526415
29-09-2024 07:30,1007.5452,-1.3231201,-2.1089141,307.3691,45.13627,12,0.20739135
29-09-2024 08:30,1006.5792,-1.378189,-2.109052,306.7973,45.542767,11,0.2675092
30-09-2024 05:30,1008.6384,2.9735422,-0.12756479,304.84586,39.99477,47,0.30214107
30-09-2024 06:30,1008.14233,3.2803142,-0.9724523,305.59906,40.541245,56,0.23684727
30-09-2024 07:30,1007.2997,3.3938122,-1.6057688,305.79907,40.853672,51,0.22167562
30-09-2024 08:30,1006.4377,3.3098888,-1.9459699,305.79553,40.72835,52,0.26245958
01-10-2024 05:30,1005.9065,3.6621795,-1.7048879,305.3725,34.51318,59,0.30422217
01-10-2024 06:30,1005.2668,3.6354265,-2.284595,306.2007,35.9023,52,0.2609874
01-10-2024 07:30,1004.29706,3.462321,-2.4973412,306.4064,36.994392,50,0.2855202
01-10-2024 08:30,1003.3107,3.1817818,-2.5546982,306.2628,37.743572,48,0.332253
02-10-2024 05:30,1005.2289,5.12647,-1.9870427,306.0839,24.710825,61,0.31552878
02-10-2024 06:30,1004.52856,5.0025935,-2.8520803,307.41122,24.336504,52,0.31896225
02-10-2024 07:30,1003.6096,4.5963154,-3.337212,308.0973,24.423162,47,0.29267836
02-10-2024 08:30,1002.77075,4.151061,-3.4850361,308.07034,24.860847,40,0.3282285
03-10-2024 05:30,1004.9049,4.25657,-1.4332488,305.88245,19.05008,27,0.3277134
03-10-2024 06:30,1004.22705,4.038754,-2.0780036,307.4573,20.051313,29,0.3221194
03-10-2024 07:30,1003.2333,3.5057945,-2.457627,308.30377,20.700108,28,0.29990578
03-10-2024 08:30,1002.2297,2.9509702,-2.5086198,308.47525,20.786125,29,0.35436615
04-10-2024 05:30,1005.78815,3.3798213,-1.9113427,306.2149,28.565496,23,0.32901505
04-10-2024 06:30,1005.35724,3.07589,-2.3473964,307.97626,29.768274,27,0.31843755
04-10-2024 07:30,1004.59094,2.73284,-2.5777795,308.6122,30.768068,24,0.34544
04-10-2024 08:30,1003.70953,2.423261,-2.6159253,308.7177,31.36172,28,0.87845975
05-10-2024 05:30,1007.85187,4.0367713,-1.7543713,306.41074,33.70132,28,0.38643044
05-10-2024 06:30,1007.41296,3.7730947,-1.8910131,307.95642,34.123093,24,0.39537534
05-10-2024 07:30,1006.70953,3.4668434,-1.907238,308.4893,34.466526,22,0.30788144
05-10-2024 08:30,1006.0003,3.0972376,-1.7977542,308.61856,34.575787,25,0.79559374
06-10-2024 05:30,1011.5853,1.2225943,-3.2845814,306.18423,31.358692,42,0.8130832
06-10-2024 06:30,1011.0075,0.84843326,-3.180192,307.70813,31.72666,33,0.82285094
06-10-2024 07:30,1010.15875,0.63966465,-2.85343,308.6829,31.930893,35,0.9015486
06-10-2024 08:30,1009.2943,0.59229404,-2.5333266,308.34213,32.0963,34,0.9816826
07-10-2024 05:30,1013.90204,0.91773653,-1.8139942,306.82394,28.493444,55,0.9495479
07-10-2024 06:30,1013.2575,1.0306169,-2.0507455,307.64297,29.09539,35,0.92893934
07-10-2024 07:30,1012.21674,1.0201712,-2.096941,308.1978,29.47738,24,0.86320806
07-10-2024 08:30,1011.1331,0.9504131,-2.0724874,307.9428,29.625967,23,0.9309439
08-10-2024 05:30,1013.5845,0.54894984,0.9107307,306.87457,27.450104,75,0.8591542
08-10-2024 06:30,1012.8278,0.56400585,0.5285869,308.0551,26.83333,59,0.8540013
08-10-2024 07:30,1011.78107,0.58459127,0.1371714,308.48584,26.22475,36,0.910829
08-10-2024 08:30,1010.65546,0.48969448,-0.21413556,308.1081,25.600657,39,0.92133313
09-10-2024 05:30,1011.1928,1.2128284,-1.6699833,305.61176,29.821327,84,0.8948281
09-10-2024 06:30,1010.46814,1.2088581,-2.004643,306.83362,30.298218,166,0.89821696
09-10-2024 07:30,1009.5232,1.0392191,-2.1863313,306.6141,30.73568,58,1.1687922
09-10-2024 08:30,1008.6116,0.8013743,-2.2360632,306.89944,31.173086,39,1.099339
10-10-2024 05:30,1010.2015,2.1577704,-2.2272825,306.33072,32.431694,52,1.0963017
10-10-2024 06:30,1009.37964,2.2478118,-2.1898613,307.34393,31.79957,38,1.2139951
10-10-2024 07:30,1008.4319,2.2271318,-2.1376855,307.8211,31.27684,24,0.8503532
10-10-2024 08:30,1007.5343,2.1323357,-2.1320462,307.67883,30.70693,29,0.84139085
11-10-2024 05:30,1010.2991,2.7839625,-1.5788575,305.6828,17.060223,68,0.90556395
11-10-2024 06:30,1009.60266,2.670449,-2.1265574,306.85284,17.490261,44,0.869405
11-10-2024 07:30,1008.6994,2.3958812,-2.4646034,307.3606,17.874147,28,0.9588327
11-10-2024 08:30,1007.80396,2.1635904,-2.7225332,307.10364,18.273338,24,0.9575306
12-10-2024 05:30,1011.3166,2.3270254,-0.11480138,305.5806,16.543173,58,0.9673961
12-10-2024 06:30,1011.0097,2.7078013,-0.47814953,307.19415,16.817009,55,0.9525577
12-10-2024 07:30,1010.3775,2.7297525,-0.6506226,307.7522,17.05161,39,1.2297521
12-10-2024 08:30,1009.5853,2.6191864,-0.8124111,307.45715,17.207914,36,1.3223932
13-10-2024 05:30,1011.9118,1.4415467,-0.17374066,305.77673,20.274155,81,1.1964993
13-10-2024 06:30,1011.492,1.2171185,-0.4886471,308.0195,21.055857,66,1.6966674
13-10-2024 07:30,1010.7983,1.1116779,-0.7046965,308.7563,21.954666,63,1.2166673
13-10-2024 08:30,1010.0472,0.9824574,-0.8117145,308.086,22.837315,36,1.1353302
14-10-2024 05:30,1013.065,1.7375379,-0.89595306,306.6135,24.979263,140,1.1445894
14-10-2024 06:30,1012.37115,1.5061506,-1.7390568,307.24075,23.713898,116,1.8756956
14-10-2024 07:30,1011.3773,1.3009466,-2.4573107,307.77722,22.353912,91,0.9410239
14-10-2024 08:30,1010.39264,1.1248559,-2.9940202,307.38214,20.722017,74,0.91050506
15-10-2024 05:30,1011.54333,2.3088534,-1.6519291,306.20724,16.231453,89,0.9683902
15-10-2024 06:30,1010.91547,2.1444082,-2.5457008,307.47595,16.091557,73,1.0049067
15-10-2024 07:30,1010.0789,1.9184815,-3.0909142,307.59125,15.972446,53,0.9450114
15-10-2024 08:30,1009.21265,1.6319772,-3.3186255,307.4895,15.832188,44,0.90945375
16-10-2024 05:30,1010.60815,2.4706235,-0.33167738,306.42233,20.089203,92,0.9411449
16-10-2024 06:30,1009.83124,2.413497,-0.979364,308.38513,21.519611,75,0.96388894
16-10-2024 07:30,1008.9185,1.979426,-1.1162059,309.0481,22.747694,66,0.9818739
16-10-2024 08:30,1007.9636,1.4982483,-1.0446916,308.94684,23.716143,66,0.92856133
17-10-2024 05:30,1010.59204,1.4865022,0.23151088,307.35608,21.240902,111,1.0425473
17-10-2024 06:30,1010.0364,1.9788287,-0.22153807,308.9856,21.70136,74,1.1004986
17-10-2024 07:30,1009.23615,1.9996312,-0.72034067,309.27264,22.114857,53,0.9606038
17-10-2024 08:30,1008.29095,1.7100999,-1.0983162,308.8106,22.387604,51,0.90434873
18-10-2024 05:30,1010.7829,1.1035246,-0.101762,307.9401,22.824045,116,1.047687
18-10-2024 06:30,1010.09216,1.3796221,-0.46129805,309.84784,23.573292,95,1.1203773
18-10-2024 07:30,1009.10706,1.1283495,-1.0856626,310.35382,24.065372,68,0.9501771
18-10-2024 08:30,1008.1611,0.75685346,-1.4185174,310.03943,24.361237,61,0.8855766
19-10-2024 05:30,1011.0602,2.9089532,-0.5043113,307.23758,26.758389,88,1.0329275
19-10-2024 06:30,1010.16705,3.1237864,-1.09807,308.90305,26.819399,92,1.0956308
19-10-2024 07:30,1009.1181,2.8100305,-1.6943486,309.75705,26.865868,67,0.9567663
19-10-2024 08:30,1008.1755,2.3393054,-2.2221446,309.53735,26.849354,57,1.5043126
20-10-2024 05:30,1012.1386,0.20111513,0.882982,306.95,19.608982,117,1.0765018
20-10-2024 06:30,1011.4182,0.42655027,0.5393717,309.79358,19.383127,103,1.178923
20-10-2024 07:30,1010.53455,0.4600886,-0.047846556,310.52307,19.23572,96,0.89270955
20-10-2024 08:30,1009.7236,0.3590163,-0.7170365,310.21948,19.080406,96,0.7105898
21-10-2024 05:30,1012.7443,0.06545964,0.8493488,306.48685,26.170862,114,1.2587646
21-10-2024 06:30,1011.83826,0.29019195,0.64195937,307.78253,25.796549,103,0.9540213
21-10-2024 07:30,1010.75073,0.44141036,0.28320083,308.70837,25.57826,99,1.4329907
21-10-2024 08:30,1009.74884,0.41445327,-0.22864302,308.6095,25.430218,106,0.84151626
22-10-2024 05:30,1014.0117,-1.3620734,0.2316314,306.4368,22.757256,121,0.9415083
22-10-2024 06:30,1013.03815,-0.6730584,-0.14396441,308.06662,22.460243,128,0.8407506
22-10-2024 07:30,1011.943,-0.11199945,-0.8909889,308.67877,22.225693,135,1.5501448
22-10-2024 08:30,1011.0239,0.13055867,-1.6485436,308.25275,21.983444,130,1.5139787
23-10-2024 05:30,1013.36237,1.5413343,-2.4835186,306.6785,23.915098,131.05,1.4901636
23-10-2024 06:30,1012.6058,1.4070723,-3.088851,308.0143,24.018766,131.05,1.4176717
23-10-2024 07:30,1011.5825,1.2881756,-3.3283155,308.49173,23.989275,131.05,1.5994655
23-10-2024 08:30,1010.55756,1.223288,-3.465495,307.9317,23.780153,131.05,1.5599724
24-10-2024 05:30,1011.8242,2.4082246,-4.298965,306.01645,18.197514,131.05,1.6257247
24-10-2024 06:30,1010.98865,2.0834215,-4.771824,307.73083,18.638195,131.05,1.6395547
24-10-2024 07:30,1009.86017,1.7104497,-4.8909245,308.49936,19.080322,131.05,1.5648375
24-10-2024 08:30,1008.80524,1.4506862,-4.9599357,308.1488,19.508135,131.05,1.5666009
25-10-2024 05:30,1011.15533,3.0383105,-3.7209017,306.88788,20.331303,128,1.6211114
25-10-2024 06:30,1010.2383,2.950825,-4.3713636,308.64523,20.324566,94,1.6180999
25-10-2024 07:30,1009.18,2.7662244,-4.7414403,309.47223,20.24105,51,1.482254
25-10-2024 08:30,1008.14575,2.632359,-4.7678194,309.32977,19.890738,42,1.4454253
26-10-2024 05:30,1011.23944,2.135017,-2.7231178,307.7326,19.120794,151,1.4987814
26-10-2024 06:30,1010.5108,2.2523746,-3.7037222,308.868,19.72259,140,1.4841908
26-10-2024 07:30,1009.6142,1.8875768,-4.1190186,309.30908,20.347933,114,1.499885
26-10-2024 08:30,1008.6772,1.4043076,-4.245741,308.77716,20.801432,162,1.4251366
27-10-2024 05:30,1010.7975,-1.7574661,1.9994481,306.53812,21.563328,127,1.4868994
27-10-2024 06:30,1010.03296,-1.7563277,0.9999686,308.41412,22.142633,116,1.4653053
27-10-2024 07:30,1008.9701,-1.6466333,0.067834795,309.39594,22.633291,124,1.5989661
27-10-2024 08:30,1007.945,-1.6080493,-0.62457824,309.00098,23.022738,106,1.4979575
28-10-2024 05:30,1009.0164,-1.5158557,3.8838944,305.5489,27.061674,70,1.5491501
28-10-2024 06:30,1008.3006,-1.6694603,3.247478,307.74997,27.287367,75,1.5578406
28-10-2024 07:30,1007.3762,-1.7036262,2.5767136,308.6238,27.536991,84,1.4874824
28-10-2024 08:30,1006.5104,-1.7711794,1.9934995,308.59195,27.670544,78,1.4207697
29-10-2024 05:30,1009.4914,-0.3651203,2.6291935,308.14667,26.484776,94,1.3808396
29-10-2024 06:30,1008.66046,-0.39891034,2.1887043,310.10468,26.540266,80,1.2997586
29-10-2024 07:30,1007.7003,-0.3071516,1.7036133,311.1081,26.750729,67,1.5498221
29-10-2024 08:30,1006.7531,-0.26185358,1.2590904,311.15067,27.008284,63,1.4169078
30-10-2024 05:30,1009.5072,0.4416682,-0.7020055,310.07507,22.087027,123,1.4628226
30-10-2024 06:30,1008.7711,0.6929642,-1.8970327,311.81516,22.220642,125,1.5070443
30-10-2024 07:30,1007.96,0.7414537,-2.3357453,312.10297,22.331516,108,1.445796
30-10-2024 08:30,1007.3182,0.78096294,-2.6554492,311.25458,22.551794,161,1.345466
31-10-2024 05:30,1011.9893,3.023686,-2.487639,307.1606,21.73938,221,1.4734212
31-10-2024 06:30,1011.29834,3.227948,-2.9934087,308.73126,21.713865,125,1.5536646
31-10-2024 07:30,1010.3741,3.1223307,-3.1372015,309.29926,21.610985,110,1.6916301
31-10-2024 08:30,1009.52905,2.9158998,-3.1573095,308.79288,21.501287,103,1.5583844
01-11-2024 05:30,1012.6717,4.1968894,-1.8798566,306.18024,12.354623,141,1.6770853
01-11-2024 06:30,1012.16656,4.8418937,-2.835119,308.1681,12.885047,112,1.7485824
01-11-2024 07:30,1011.3261,4.5149035,-2.8782706,308.91693,13.442538,90,1.4873815
01-11-2024 08:30,1010.4856,4.0967317,-2.8170125,308.58804,14.01551,66,1.3242769
02-11-2024 05:30,1013.86804,1.417625,-0.17916122,307.176,18.703993,180,1.4467711
02-11-2024 06:30,1013.1234,1.8569813,-0.806043,308.77655,19.00893,184,1.5079927
02-11-2024 07:30,1012.20825,1.6609688,-1.0608248,309.5279,19.368769,147,1.4925702
02-11-2024 08:30,1011.34705,1.3747256,-1.2141562,309.04004,19.785013,139,1.1750828
03-11-2024 05:30,1014.94476,-0.80265546,0.6281986,306.838,18.172304,152,1.509723
03-11-2024 06:30,1014.17126,-0.42237628,-0.58655524,309.10687,18.108032,136,1.5632668
03-11-2024 07:30,1013.1188,-0.38624156,-1.4610366,309.39655,17.84058,164,1.5977969
03-11-2024 08:30,1012.1417,-0.46324515,-1.9276917,308.62344,17.456038,191,1.2915264
04-11-2024 05:30,1013.0676,0.49455392,0.31587374,305.49127,19.388165,249,1.368327
04-11-2024 06:30,1012.2477,0.26133776,-0.70992935,307.24078,19.426085,276,1.4777113
04-11-2024 07:30,1011.1258,0.12288374,-1.2752396,307.8172,19.32343,279,1.3524659
04-11-2024 08:30,1010.16064,0.11364734,-1.5142666,307.12268,19.197224,215,1.3495572
05-11-2024 05:30,1015.601,-1.6937025,3.7328238,303.67517,20.995106,193,1.4256139
05-11-2024 06:30,1014.6853,-1.2248956,2.9690955,305.8233,21.034027,169,1.515187
05-11-2024 07:30,1013.54156,-0.6624963,1.8869876,307.26508,21.112108,166,1.1064247
05-11-2024 08:30,1012.53406,-0.28271693,0.77746844,307.4344,21.095966,169,1.1326323
06-11-2024 05:30,1015.8074,-0.50027215,2.3101692,304.817,21.755823,178,1.2020366
06-11-2024 06:30,1014.8772,-0.6756956,1.5855724,307.35736,22.115963,169,1.2383074
06-11-2024 07:30,1013.8454,-0.5602481,0.6422063,308.4614,22.358847,162,1.0643587
06-11-2024 08:30,1013.0128,-0.41321796,-0.34230715,308.01996,22.492178,155,1.112692
07-11-2024 05:30,1014.6351,-0.41251075,2.1930656,304.69806,21.964586,262,1.1935953
07-11-2024 06:30,1013.9281,-0.63006085,1.166688,306.7158,21.831017,217,1.2419444
07-11-2024 07:30,1013.1145,-0.85257876,0.27920192,307.64294,21.743975,208,1.12655
07-11-2024 08:30,1012.4099,-1.2315606,-0.27717757,307.0017,21.641256,188,1.1728315
08-11-2024 05:30,1014.4302,-0.8683804,1.7291038,305.5297,22.22922,200,1.2595569
08-11-2024 06:30,1013.7583,-0.49141717,0.4831848,307.7343,22.564268,166,1.0127751
08-11-2024 07:30,1012.85565,-0.25071228,-0.7321812,308.36526,22.728348,136,1.0452392
08-11-2024 08:30,1011.9361,-0.32450998,-1.5335302,307.53595,22.680773,134,1.0322676
09-11-2024 05:30,1014.671,-0.9434022,3.2533565,304.95746,24.132181,177,2.8662453
09-11-2024 06:30,1013.782,-0.852195,3.1501641,307.33688,24.01566,166,2.2375612
09-11-2024 07:30,1012.70935,-0.7023194,3.0005555,308.393,23.867117,153,1.7762222
09-11-2024 08:30,1011.7489,-0.5744312,2.9105752,308.19656,23.633411,153,1.6378758
10-11-2024 05:30,1014.1268,0.48513687,0.7638054,304.93942,21.491251,162,2.153365
10-11-2024 06:30,1013.36993,0.8874815,-0.39754403,307.81213,21.717554,140,1.7030507
10-11-2024 07:30,1012.40955,1.0197592,-1.2086984,309.04816,21.811132,128,1.5993965
10-11-2024 08:30,1011.60425,1.2050111,-1.5839429,308.44775,21.779621,132,1.5431011
11-11-2024 05:30,1014.2939,-0.38748896,1.1741302,306.31805,21.297579,178,1.4335485
11-11-2024 06:30,1013.5865,0.024118721,0.46153682,308.75873,21.601593,151,1.2756625
11-11-2024 07:30,1012.6361,0.17545295,-0.031893402,309.46832,21.867222,134,1.1708256
11-11-2024 08:30,1011.7325,0.11719167,-0.3482874,308.7013,21.94624,134,1.1419772
12-11-2024 05:30,1014.4486,2.065967,-0.39717495,307.2598,17.796288,180,1.5534881
12-11-2024 06:30,1013.7076,2.4693694,-0.7206876,308.4767,17.860151,169,1.5029379
12-11-2024 07:30,1012.7067,2.7024002,-0.90948987,309.0114,17.91645,121,1.4762727
12-11-2024 08:30,1011.7247,2.8649554,-1.1719472,308.39252,17.893808,70,1.4334381
13-11-2024 05:30,1013.9501,1.7131903,-1.907318,304.63275,15.15362,362,1.3940376
13-11-2024 06:30,1013.0125,2.2680879,-2.3766701,306.38947,15.134982,351,1.7164996
13-11-2024 07:30,1011.89825,2.566401,-2.2407453,307.0727,15.099597,343,2.396773
13-11-2024 08:30,1010.9233,2.7304854,-1.961116,306.60992,15.091202,289,2.7135556
14-11-2024 05:30,1016.23,0.5725502,-0.11185387,305.13965,17.031036,429,2.1803102
14-11-2024 06:30,1015.41187,1.0968382,-0.55740356,306.302,17.085794,461,2.1549177
14-11-2024 07:30,1014.37195,1.3503466,-0.8464617,306.77673,17.155857,438,1.5454946
14-11-2024 08:30,1013.42596,1.4222269,-1.0038688,306.063,17.202707,315,1.7363269
15-11-2024 05:30,1015.7978,2.5812328,-1.7969952,304.73834,17.741556,460,2.096186
15-11-2024 06:30,1014.8678,3.0539923,-2.1759803,306.2916,17.827162,305,0.40738937
15-11-2024 07:30,1013.7661,3.2528834,-2.2556965,306.4213,18.076923,180,0.6925727
15-11-2024 08:30,1012.84485,3.4324536,-2.3233793,305.3597,18.248142,127,0.7119673
16-11-2024 05:30,1013.8409,2.4410992,-1.1662052,302.40802,17.383966,404,0.9245172
16-11-2024 06:30,1013.056,3.165916,-1.8902503,304.56204,17.484959,423,0.43402052
16-11-2024 07:30,1012.03796,3.079362,-2.103458,305.2669,17.585632,288,0.5986517
16-11-2024 08:30,1011.1309,2.8293679,-2.2118802,304.82452,17.709707,208,0.5161234
17-11-2024 05:30,1014.785,1.1774647,-1.0909175,302.69424,18.053848,383,0.31849775
17-11-2024 06:30,1014.32544,1.8413908,-1.1423843,304.16437,18.037899,427,0.55759704
17-11-2024 07:30,1013.536,2.2078161,-1.2109056,304.4809,17.897963,438,0.8102391
17-11-2024 08:30,1012.73346,2.3613706,-1.2984211,303.71555,17.680788,365,0.91487896
18-11-2024 05:30,1016.4226,2.261972,-1.7195717,300.30405,11.364802,131.05,1.0172399
18-11-2024 06:30,1015.8666,2.0800948,-2.1764405,302.62958,11.419073,131.05,0.47415745
18-11-2024 07:30,1015.0814,1.8531059,-2.3981645,303.43283,11.414802,131.05,0.64981335
18-11-2024 08:30,1014.3617,1.6516203,-2.5491164,303.07776,11.316802,131.05,0.83271945
19-11-2024 05:30,1017.82513,2.4186666,-2.111345,301.84958,10.839689,312,0.75131875
19-11-2024 06:30,1017.2311,2.3160212,-2.6504593,301.99268,11.007801,338,0.39020267
19-11-2024 07:30,1016.29297,2.2282696,-2.895575,302.59497,11.02726,280,0.4456559
19-11-2024 08:30,1015.3803,2.0565462,-3.0315528,302.11,10.972364,279,0.40547296
20-11-2024 05:30,1016.47327,1.8000014,-0.53829646,301.4781,9.279163,317,0.26263997
20-11-2024 06:30,1015.98126,1.9231672,-1.285531,303.56165,9.721047,266,1.1072419
20-11-2024 07:30,1015.1925,1.8573906,-1.6221172,304.087,10.045595,208,1.1512402
20-11-2024 08:30,1014.372,1.6645011,-1.827818,303.4209,10.287974,166,1.3415334
21-11-2024 05:30,1015.8972,1.9006003,-1.1889534,300.68863,10.200542,245,1.5695993
21-11-2024 06:30,1015.3781,1.4029896,-1.8684669,303.05173,10.423076,240,0.36159423
21-11-2024 07:30,1014.5439,1.1177566,-1.9479502,303.77158,10.520555,211,0.39124477
21-11-2024 08:30,1013.7336,0.9703971,-1.913303,303.17834,10.551646,153,0.4639759
22-11-2024 05:30,1015.5778,2.2649484,-0.5428076,300.23993,12.33108,349,0.71443766
22-11-2024 06:30,1014.72266,2.1152568,-1.4417576,302.6333,12.53798,313,0.3902036
22-11-2024 07:30,1013.7138,1.584404,-2.168799,303.39966,12.777084,260,0.4357975
22-11-2024 08:30,1012.96594,1.2132268,-2.656749,302.80316,12.985905,215,0.4767964
23-11-2024 05:30,1016.07794,2.1426232,-0.5010997,300.8516,15.290408,287,0.4240996
23-11-2024 06:30,1015.4511,2.414084,-1.3662963,303.85443,15.506768,201,0.37049556
23-11-2024 07:30,1014.71985,2.0295935,-2.2347062,304.7931,15.738747,171,0.41551375
23-11-2024 08:30,1014.1317,1.4572192,-2.6876915,304.3189,15.994142,105,0.41037568
24-11-2024 05:30,1016.3378,3.8819592,-0.70009613,301.92957,16.126886,112,0.41489428
24-11-2024 06:30,1015.6071,4.058646,-1.6193484,304.34952,16.025105,112,0.39516598
24-11-2024 07:30,1014.6471,3.7380571,-2.2233734,305.14386,15.904228,91,0.4213581
24-11-2024 08:30,1013.8284,3.4364026,-2.6547499,304.67075,15.740584,81,0.47951284
25-11-2024 05:30,1016.7361,2.7976148,-1.7969381,300.1034,13.350835,416,0.5311028
25-11-2024 06:30,1015.98193,3.3711004,-2.5865846,302.61063,13.64875,469,0.41130844
25-11-2024 07:30,1014.92126,3.437716,-2.8609674,303.18417,13.785708,294,0.46784174
25-11-2024 08:30,1014.0491,3.3977451,-2.9888458,302.58823,13.742745,279,0.4769896
26-11-2024 05:30,1016.74603,2.8928633,-1.290652,300.12103,11.29795,174,0.4041872
26-11-2024 06:30,1015.9839,3.3454952,-2.3197064,302.50293,11.570772,143,0.3451681
26-11-2024 07:30,1014.96765,3.1347837,-2.6614664,303.2919,11.726662,136,0.4265176
26-11-2024 08:30,1014.0678,2.8833284,-2.8786633,302.87256,11.867384,103,0.5080873
27-11-2024 05:30,1015.9197,2.038149,-0.8155284,300.67157,13.271633,166,0.3999935
27-11-2024 06:30,1015.09326,2.1517959,-1.7902755,302.98627,13.199891,153,0.36581618
27-11-2024 07:30,1014.0508,2.0038712,-2.400706,303.50763,13.038482,117,0.4983108
27-11-2024 08:30,1013.1393,1.7485055,-2.717628,302.8674,12.748334,92,0.50237715
28-11-2024 05:30,1017.77594,0.21008527,-0.7939763,300.98978,9.02412,342,0.35702935
28-11-2024 06:30,1017.02264,0.11555714,-1.3666694,303.49048,9.143936,207,0.43387556
28-11-2024 07:30,1016.06476,0.14982018,-1.5441359,304.16034,9.249927,113,0.4548828
28-11-2024 08:30,1015.2514,0.17884994,-1.8064586,303.41623,9.343762,95,0.4835682
29-11-2024 05:30,1018.06,0.56927633,-0.8917122,299.39783,11.224418,254,0.3834602
29-11-2024 06:30,1017.3859,-0.2519499,-1.5345201,302.63507,11.621471,245,0.36252356
29-11-2024 07:30,1016.4205,-0.4038614,-1.6361665,303.30966,11.999212,268,0.4235581
29-11-2024 08:30,1015.4956,-0.37400663,-1.7210898,302.6109,12.311112,134,0.35550037
30-11-2024 05:30,1016.5546,0.73706007,-3.186794,299.5509,14.64212,284,0.28761044
30-11-2024 06:30,1015.5705,0.608778,-3.7851644,300.93274,15.014244,155,0.4071843
30-11-2024 07:30,1014.33673,0.54933196,-3.7422743,301.60162,15.453547,114,0.4584693
30-11-2024 08:30,1013.2185,0.57734036,-3.446422,301.1661,15.883906,73,0.43566406
01-12-2024 05:30,1015.3404,0.6860062,-1.2892575,300.74597,18.893297,117,0.3720111
01-12-2024 06:30,1014.3828,0.7931683,-1.720783,303.08612,18.620073,95,0.45084643
01-12-2024 07:30,1013.02374,0.8969743,-1.8586876,303.79907,18.245207,70,0.4437596
01-12-2024 08:30,1011.6995,0.88763297,-2.0072453,303.28076,17.94048,56,0.41475514
02-12-2024 05:30,1014.6937,0.92850214,-0.88106155,300.9828,16.447376,162,0.40727684
02-12-2024 06:30,1014.0357,0.8150302,-2.1754992,303.65463,16.901094,145,0.47619504
02-12-2024 07:30,1013.0728,0.85713685,-2.4903336,304.32397,17.221973,117,0.46869624
02-12-2024 08:30,1012.158,0.7514332,-2.6925988,303.78543,17.465065,95,0.45796335
03-12-2024 05:30,1016.58014,0.86566603,-1.0865777,302.83426,17.391373,128,0.42802772
03-12-2024 06:30,1016.0871,0.90870976,-1.5999633,305.0146,17.407347,132,1.6710422
03-12-2024 07:30,1015.3614,1.057473,-1.8134241,305.54028,17.352955,86,2.3588548
03-12-2024 08:30,1014.65436,1.0869563,-2.0898046,304.79276,17.252125,62,2.4097166
04-12-2024 05:30,1015.7059,4.133143,-3.4657233,301.24527,14.486194,97,2.1465378
04-12-2024 06:30,1015.1644,4.718423,-3.7006466,303.34076,14.256589,70,0.6219084
04-12-2024 07:30,1014.3599,4.8580813,-3.5537598,303.91647,13.933896,47,0.62051356
04-12-2024 08:30,1013.563,4.8433046,-3.4145339,303.38153,13.609451,27,0.7175668
05-12-2024 05:30,1015.6177,4.4925704,-1.9734542,299.6177,9.243126,88,0.7926982
05-12-2024 06:30,1015.0051,4.7208233,-1.9002184,301.54187,9.223659,81,0.40468025
05-12-2024 07:30,1014.1213,4.784006,-1.7718947,302.22818,9.2839775,41,0.39464623
05-12-2024 08:30,1013.335,4.792462,-1.8734162,301.8212,9.38814,38,0.39460343
06-12-2024 05:30,1014.5386,4.544325,-1.6400812,299.98254,11.635692,89,0.37128326
06-12-2024 06:30,1013.83575,4.4090867,-1.6510947,301.78452,11.506918,62,0.47278032
06-12-2024 07:30,1012.8674,4.296991,-1.5671179,302.43665,11.348534,46,0.51252455
06-12-2024 08:30,1011.99695,4.1142216,-1.5769923,302.00027,11.06162,40,0.4794353
07-12-2024 05:30,1014.03577,2.0184696,0.22881833,299.23492,6.603876,97,0.43424737
07-12-2024 06:30,1013.52203,1.8297777,-0.5772823,301.14682,6.794923,80,0.450871
07-12-2024 07:30,1012.6863,1.5367534,-1.0402029,301.8043,7.004121,57,0.4790691
07-12-2024 08:30,1011.90674,1.2671076,-1.311724,301.1383,7.1816134,44,0.5294041
08-12-2024 05:30,1014.50494,-3.1379929,5.0360084,295.77072,13.2212105,111,0.41931438
08-12-2024 06:30,1013.6145,-2.6796775,5.157069,298.17804,14.195597,102,0.47529095
08-12-2024 07:30,1012.4169,-2.1921892,5.0332036,299.38336,14.983784,97,0.41893816
08-12-2024 08:30,1011.3382,-1.8265555,4.828225,299.4379,15.70323,94,0.43232083
09-12-2024 05:30,1016.79297,-1.0928998,-0.41839284,296.1134,9.031077,117,0.4346501
09-12-2024 06:30,1016.38007,-0.05036354,-1.0260803,298.55646,9.481715,103,0.43884864
09-12-2024 07:30,1015.68774,1.0491133,-1.8468221,298.83206,10.003402,96,0.3889302
09-12-2024 08:30,1015.0608,1.9765747,-2.9868414,297.8075,10.680923,97,0.40237287
10-12-2024 05:30,1018.515,3.07923,-4.216328,295.48645,6.410177,134,0.52104944
10-12-2024 06:30,1017.83624,2.7832575,-4.3743105,297.37744,6.1766515,107,0.4510227
10-12-2024 07:30,1016.9455,2.676519,-4.2331986,298.22418,6.015283,86,0.5296239
10-12-2024 08:30,1016.21466,2.628945,-4.1294446,297.87805,5.9257817,48,0.5382353
11-12-2024 05:30,1018.6383,2.9172509,-1.8429104,295.36038,4.0302463,94,0.47103468
11-12-2024 06:30,1017.8322,3.0189657,-2.7927485,298.02536,4.046607,62,0.44290778
11-12-2024 07:30,1016.6472,2.69634,-2.7321982,299.12747,4.083241,48,0.5102395
11-12-2024 08:30,1015.5471,2.396009,-2.660442,298.85123,4.112406,53,0.6011123
12-12-2024 05:30,1017.48224,2.3760123,-0.9502481,294.07523,4.8733206,145,0.49997592
12-12-2024 06:30,1017.2422,3.1155965,-1.6392524,297.01907,5.0220695,127,0.4942696
12-12-2024 07:30,1016.59125,3.3543103,-1.9685873,297.8131,5.110494,92,0.60552835
12-12-2024 08:30,1015.9359,3.336423,-2.354547,297.33392,5.137407,91,0.84696144
13-12-2024 05:30,1018.84576,5.3639894,-4.777044,294.10654,3.9616961,144,0.68909246
13-12-2024 06:30,1017.7589,5.602297,-5.9685993,296.68552,3.8715618,101,0.53604877
13-12-2024 07:30,1016.5506,5.512386,-5.804272,297.72882,3.8296201,81,0.66298485
13-12-2024 08:30,1015.52936,5.3121557,-5.5508776,297.66772,3.871999,70,0.8651512
14-12-2024 05:30,1018.42444,4.1125503,-2.3824701,295.3277,4.9486732,113,0.7771099
14-12-2024 06:30,1017.84985,4.486407,-3.2452745,297.77454,5.479099,86,0.68346655
14-12-2024 07:30,1017.0128,4.414708,-3.2135594,298.95474,5.8731756,80,0.644382
14-12-2024 08:30,1016.33765,4.298643,-3.3719919,298.8574,5.9629045,62,0.7429935
15-12-2024 05:30,1020.5307,1.1537327,-1.0059751,295.351,3.8507895,194,0.5383229
15-12-2024 06:30,1019.8873,1.2780149,-1.7055298,298.60464,3.808624,189,0.5215089
15-12-2024 07:30,1018.9826,1.1035471,-1.8242447,299.64288,3.8365674,155,0.61238587
15-12-2024 08:30,1018.23016,0.91944635,-1.9478233,299.1822,3.9319654,146,0.80244845
16-12-2024 05:30,1018.99695,1.263052,-0.24853684,296.26224,4.350048,296,0.29592842
16-12-2024 06:30,1018.09674,0.85363096,-1.2173686,298.42947,4.4372845,307,0.27322784
16-12-2024 07:30,1016.95386,0.81676495,-1.7471972,299.1999,4.5029736,304,0.37251046
16-12-2024 08:30,1015.915,0.8604835,-2.1130178,298.6167,4.566694,291,0.51952434
17-12-2024 05:30,1016.89404,-0.013525903,1.8141947,294.84317,7.03963,333,0.4642384
17-12-2024 06:30,1016.11597,-0.41632533,2.1795726,298.4125,7.078123,271,0.46619773
17-12-2024 07:30,1015.1385,-0.6090131,1.004678,299.92126,7.1185513,307,0.58381057
17-12-2024 08:30,1014.44885,-0.6338241,-0.21337217,299.61932,7.020652,272,0.78144747
18-12-2024 05:30,1016.83716,0.88093567,-0.42842638,292.19922,5.0948358,357,1.767928
18-12-2024 06:30,1015.73346,0.6447722,-0.41573644,296.1717,5.1826363,383,1.8149033
18-12-2024 07:30,1014.51984,0.53255403,-0.48096824,297.96237,5.2878995,389,1.8618785
18-12-2024 08:30,1013.61096,0.64594007,-0.39346886,297.4878,5.385235,367,2.8953342
19-12-2024 05:30,1017.47955,-2.109152,1.8227178,291.46832,8.364778,348,2.0489066
19-12-2024 06:30,1016.5472,-3.0964484,2.74751,295.11124,8.853675,361,2.4721203
19-12-2024 07:30,1015.3663,-3.2216778,2.3927457,296.4093,9.358068,273,2.4721203
19-12-2024 08:30,1014.3725,-3.0797527,1.9600928,296.13104,9.858296,175,0.72377926
20-12-2024 05:30,1017.59796,-0.920567,0.90248966,293.59247,13.445995,404,0.66998035
20-12-2024 06:30,1016.4302,-1.4962442,0.71796,297.15845,13.523445,307,0.7362465
20-12-2024 07:30,1015.0011,-1.3268703,0.19388656,298.4917,13.558067,299,0.86640894
20-12-2024 08:30,1013.8644,-1.081006,-0.25741377,298.21674,13.514878,254,0.5450016
21-12-2024 05:30,1017.2722,1.1028459,-0.9319308,294.69882,9.975565,288,0.5258413
21-12-2024 06:30,1016.3628,1.6077399,-0.7406138,299.00763,10.240092,262,0.64007026
21-12-2024 07:30,1015.3325,2.1377003,-0.64331603,299.83264,10.381452,178,0.86470205
21-12-2024 08:30,1014.59204,2.2983854,-0.78790116,299.31454,10.298824,160,1.3871288
22-12-2024 05:30,1017.1043,-0.6156148,3.1710572,296.6144,9.988646,328,1.4120064
22-12-2024 06:30,1016.2622,-0.4006424,2.9780395,299.3069,10.099446,216,1.4368838
22-12-2024 07:30,1015.2482,-0.6892271,2.4535031,300.32733,10.17415,266,1.4617612
22-12-2024 08:30,1014.42163,-1.0730557,2.1200054,299.84903,10.192593,232,1.9841881
23-12-2024 05:30,1018.0814,-1.554235,-1.3714359,288.75595,22.059336,406,2.0090656
23-12-2024 06:30,1017.1205,-3.0532637,-2.1162825,289.34888,22.326548,381,2.033943
23-12-2024 07:30,1015.6337,-4.261062,-2.8132803,289.99936,21.053507,344,2.0588205
23-12-2024 08:30,1014.53595,-4.647378,-2.8680995,291.12497,19.77068,305,2.5812473
24-12-2024 05:30,1017.5429,-2.1821198,1.4988115,294.57257,19.67174,131.05,2.3265426
24-12-2024 06:30,1016.80023,-2.1220038,1.0007801,297.05194,19.980736,131.05,2.5040226
24-12-2024 07:30,1015.7875,-2.0398006,0.43132442,297.93417,20.377333,153,1.9449347
24-12-2024 08:30,1015.0464,-2.0570002,0.02585119,297.34537,20.878994,146,2.103225
25-12-2024 05:30,1020.07306,0.20610869,-2.1309104,296.03595,16.764465,199,2.1611557
25-12-2024 06:30,1019.26154,0.10405624,-1.8321943,298.79352,16.937239,167,2.1611557
25-12-2024 07:30,1018.2436,0.19716644,-1.37684,299.8693,17.02338,171,2.5572348
25-12-2024 08:30,1017.35297,0.33167183,-1.0808831,299.51733,16.977474,133,1.7650766
26-12-2024 05:30,1022.7753,-1.0460769,-0.55766046,297.65097,12.246182,233,2.0988607
26-12-2024 06:30,1021.7491,-1.039361,0.32942635,300.2738,12.343334,230,2.0988607
26-12-2024 07:30,1020.4936,-0.82549995,0.4673707,301.17,12.655689,139,2.3703644
26-12-2024 08:30,1019.42303,-0.4600884,0.366552,300.7827,13.249279,100,1.827357
27-12-2024 05:30,1019.33203,-4.8896494,0.16162848,293.662,26.969742,72,2.0674
27-12-2024 06:30,1018.4192,-4.7797813,1.2144111,295.97717,27.227718,113,2.4040098
27-12-2024 07:30,1017.4446,-3.6699767,2.6682742,297.38586,28.19401,128,2.0674
27-12-2024 08:30,1016.83624,-1.7646003,3.819521,296.62918,30.493694,111,1.7307901
28-12-2024 05:30,1019.34064,1.3740708,-0.9423433,295.06815,20.35226,69,2.1399465
28-12-2024 06:30,1018.51154,1.7294791,-1.3619876,295.98663,19.575472,100,2.1399465
28-12-2024 07:30,1017.4716,1.8740156,-1.5117795,296.97656,18.706652,118,2.6142828
28-12-2024 08:30,1016.64294,2.022946,-1.5836017,296.74146,17.885206,127,1.6656103
29-12-2024 05:30,1021.0899,2.1704648,-4.0759873,295.1343,10.347282,102,1.8133402
29-12-2024 06:30,1020.1401,2.1168237,-4.038466,297.0488,10.435385,97,2.4991353
29-12-2024 07:30,1019.0494,2.2853327,-4.12311,297.77487,10.594253,95,1.7068002
29-12-2024 08:30,1018.1716,2.5147862,-4.3120995,297.4305,10.826666,101,1.2340848
30-12-2024 05:30,1020.1128,3.8256478,-2.7715223,293.49622,7.563078,105,1.2653663
30-12-2024 06:30,1019.34827,3.525127,-2.7617373,295.58435,7.479448,114,1.6770786
30-12-2024 07:30,1018.326,3.2589486,-2.6383817,296.54767,7.412265,97,0.853654
30-12-2024 08:30,1017.3522,2.9942412,-2.4898133,296.37894,7.3655953,102,2.7190373
31-12-2024 05:30,1021.9306,0.870554,-0.17470145,294.65906,7.8991795,138,2.7190373
31-12-2024 06:30,1021.0011,0.73274773,-0.54668474,296.88394,8.188538,150,2.7190373
31-12-2024 07:30,1019.39984,0.43351167,-0.37649453,297.93777,8.284299,169,2.7190373
31-12-2024 08:30,1018.5054,0.81053996,-0.63020504,297.32028,8.269825,195,2.1847372
01-01-2025 05:30,1018.95764,2.7964482,-1.7955377,294.9828,10.63945,172,2.1847372
01-01-2025 06:30,1018.2681,3.185667,-2.2033045,297.20544,10.76428,158,2.1847372
01-01-2025 07:30,1017.22906,3.4658935,-2.441701,298.1731,10.931923,151,2.1847372
01-01-2025 08:30,1016.21466,3.3833497,-2.6900237,298.0727,11.0606,173,0.24012099
02-01-2025 05:30,1018.88055,4.2021756,-2.1230202,294.34677,13.158672,162,0.20913322
02-01-2025 06:30,1018.2606,4.1624527,-2.508485,296.39944,12.783782,178,0.20476355
02-01-2025 07:30,1017.02515,3.6693149,-2.5849576,297.2473,12.596359,174,0.15152362
02-01-2025 08:30,1016.20056,3.3588433,-2.3974054,295.31647,12.686725,172,0.5235986
03-01-2025 05:30,1018.67664,1.5146141,0.4767486,294.56104,9.628184,131.05,0.56763667
03-01-2025 06:30,1017.7475,1.5800352,0.16197062,297.12146,9.48244,131.05,0.56496173
03-01-2025 07:30,1016.6328,1.6193942,-0.14184454,298.51758,9.4654875,131.05,0.7375284
03-01-2025 08:30,1015.8375,1.7270977,-0.587057,298.45227,9.576805,131.05,1.9273157
04-01-2025 05:30,1016.19147,0.17667776,2.6778677,297.77686,8.903519,168,2.3854823
04-01-2025 06:30,1015.2475,0.20001191,2.686333,300.58868,9.114124,290,1.928063
04-01-2025 07:30,1013.9964,0.35227406,2.3008769,301.99368,9.347273,503,1.4684018
04-01-2025 08:30,1012.8203,0.1945411,1.9660062,301.9683,9.538779,426,2.1606257
05-01-2025 05:30,1015.9204,-2.6054065,4.1781983,295.73364,11.790164,97,2.1606257
05-01-2025 06:30,1015.176,-2.4391603,4.3236594,298.1964,12.343083,138,2.1606257
05-01-2025 07:30,1014.08234,-1.9147828,4.258656,299.66687,13.039704,155,2.1606257
05-01-2025 08:30,1013.0577,-1.4034381,4.157086,299.84717,13.680508,156,2.6867976
06-01-2025 05:30,1018.15674,-0.3963333,2.4195566,295.3626,16.552471,172,2.6867976
06-01-2025 06:30,1017.40796,0.22809967,1.7206959,298.05692,16.13836,189,2.6867976
06-01-2025 07:30,1016.3042,0.8474922,0.8365606,299.371,15.705047,193,2.6867976
06-01-2025 08:30,1015.4542,1.3397228,0.033734858,298.9351,15.271803,171,1.1361176
07-01-2025 05:30,1019.3764,4.297348,-2.7996411,293.6606,6.398643,167,0.601001
07-01-2025 06:30,1018.2681,3.7580113,-3.196119,296.04745,6.2525344,174,0.44273323
07-01-2025 07:30,1017.0847,3.796269,-3.1911283,296.7401,6.292192,179,0.35482147
07-01-2025 08:30,1016.17377,4.0119796,-3.2894902,296.3127,6.3739347,168,0.73988295
08-01-2025 05:30,1017.0517,5.454741,-2.5277011,293.63254,7.486241,135,0.5054845
08-01-2025 06:30,1016.3039,5.559306,-3.620343,295.78616,7.764295,113,0.36037046
08-01-2025 07:30,1015.2566,5.1518717,-3.6178389,297.0194,7.9771776,86,0.33018726
08-01-2025 08:30,1014.46436,4.7140155,-3.4771016,297.13443,8.1498375,107,2.6640995
09-01-2025 05:30,1018.83575,0.49886608,0.047953963,296.9021,6.524617,193,2.6640995
09-01-2025 06:30,1018.2739,0.5483252,-0.34182048,299.8288,6.7063293,184,2.6640995
09-01-2025 07:30,1017.5578,0.54279125,-0.41170192,300.6533,6.8906145,167,2.6640995
09-01-2025 08:30,1017.0436,0.5239389,-0.41062146,300.10492,7.0460653,455,2.9003463
10-01-2025 05:30,1021.19617,-0.58701515,2.4951427,295.2978,5.6005754,155,1.9082189
10-01-2025 06:30,1020.33344,-0.81323874,2.039075,297.27988,5.8607655,160,1.5470484
10-01-2025 07:30,1019.18646,-1.0297613,1.5143371,298.29007,6.056466,217,1.2875699
10-01-2025 08:30,1018.2386,-1.2828039,1.0869842,297.81592,6.2272797,201,1.8259382
11-01-2025 05:30,1020.0695,-2.1738033,4.102763,291.3976,16.796648,141,1.3397988
11-01-2025 06:30,1019.2634,-1.0086464,4.252716,292.76923,17.739481,167,0.8656977
11-01-2025 07:30,1017.8297,-0.6417932,3.4313555,293.18317,18.299397,155,0.9176485
11-01-2025 08:30,1016.63885,-0.89220184,2.7096024,292.86426,18.17261,174,1.9877187
12-01-2025 05:30,1020.7889,-1.378252,3.3049319,292.47858,16.827059,132,1.5530031
12-01-2025 06:30,1020.08325,-0.47691178,2.6414075,295.2769,16.782145,155,2.6032205
12-01-2025 07:30,1019.2555,0.2855847,1.7426152,296.53986,16.638119,150,0.9911489
12-01-2025 08:30,1018.66547,0.7560849,0.7738436,296.3749,16.428892,146,0.44029468
13-01-2025 05:30,1020.2703,3.0543616,-3.4501758,294.2198,13.33146,101,0.4362545
13-01-2025 06:30,1019.09576,2.6871011,-3.373145,296.5766,13.250833,113,0.4848863
13-01-2025 07:30,1017.8198,2.469294,-3.2239327,297.80054,13.177388,116,0.6235564
13-01-2025 08:30,1016.9233,2.329296,-3.261819,297.89178,13.063106,112,0.22371858
14-01-2025 05:30,1020.7436,2.4148207,-0.7725902,295.23444,7.1817007,167,0.19716826
14-01-2025 06:30,1019.9768,2.0273442,-1.0380179,297.9505,7.397233,152,0.29076296
14-01-2025 07:30,1018.84784,1.3922236,-1.1272258,299.0218,7.5138154,157,0.38769734
14-01-2025 08:30,1018.00696,0.77656114,-1.3179004,298.70258,7.5511227,162,0.2280606
15-01-2025 05:30,1022.15564,-2.3990247,1.5479237,294.4344,7.2917395,193,0.22908163
15-01-2025 06:30,1020.81445,-2.9805915,2.3121092,296.47757,7.393032,199,0.20873517
15-01-2025 07:30,1019.3364,-2.977099,2.4815364,297.25934,7.521055,227,0.23525368
15-01-2025 08:30,1018.1893,-2.789832,2.5456052,296.97385,7.676788,280,0.27314198
16-01-2025 05:30,1021.59204,-1.6222365,1.6494672,289.95776,19.363457,117,0.34354264
16-01-2025 06:30,1020.96094,-0.95131576,1.3298143,293.21713,18.071438,128,0.48827398
16-01-2025 07:30,1020.0051,-0.663654,0.6554409,294.36862,17.023037,136,0.70811325
16-01-2025 08:30,1019.27936,-0.7714188,-0.19520575,294.98248,16.209644,122,0.69000125
17-01-2025 05:30,1021.9854,1.9051619,-4.420587,294.0188,5.7034564,132,0.55455625
17-01-2025 06:30,1020.7327,1.569289,-3.4303374,295.94757,5.5507045,172,0.64001524
17-01-2025 07:30,1019.209,1.4116923,-2.4484346,297.08386,5.51522,157,0.6026582
17-01-2025 08:30,1017.98206,1.5031366,-1.7075835,296.92926,5.5395346,113,0.27860597
18-01-2025 05:30,1020.2918,1.7038088,0.39481455,294.9524,7.4595795,129,0.20336756
18-01-2025 06:30,1019.3593,1.6151103,0.2946969,296.62903,7.743087,150,0.2362592
18-01-2025 07:30,1018.2994,1.3596275,-0.14853252,296.14307,8.088901,151,0.29395646
18-01-2025 08:30,1016.9252,0.22999942,0.000251994,296.95425,7.9960537,147,0.32000569
19-01-2025 05:30,1019.03204,0.48111853,1.0042162,297.27454,18.866127,277,0.23608506
19-01-2025 06:30,1018.0182,1.5830357,1.4331385,300.4175,19.101133,200,0.31213456
19-01-2025 07:30,1016.17096,1.5576725,1.3128474,301.78534,19.169285,132,0.2865267
19-01-2025 08:30,1014.9528,1.5522962,0.65181935,301.69766,19.386707,128,0.39028582
20-01-2025 05:30,1017.01544,3.462809,-2.221759,297.26398,12.011622,149,0.3182622
20-01-2025 06:30,1016.483,4.594486,-2.3253603,299.39813,12.004219,101,0.33580294
20-01-2025 07:30,1015.3092,4.81038,-2.0786865,300.29437,11.847447,83,0.31389588
20-01-2025 08:30,1014.0298,4.668276,-2.0712855,300.08664,11.71376,92,0.4845456
21-01-2025 05:30,1015.20154,2.9217868,-2.1195955,298.0614,14.008776,139,0.37972113
21-01-2025 06:30,1014.6122,3.6856155,-2.8653407,300.58786,13.929129,129,0.4006641
21-01-2025 07:30,1013.6078,3.8869376,-2.6863945,301.43402,13.80162,129,0.40378186
21-01-2025 08:30,1012.6886,3.9100072,-2.4729843,301.09033,13.541469,100,0.45017722
22-01-2025 05:30,1015.3883,1.3037511,0.49209788,298.87476,15.626228,144,0.3203305
22-01-2025 06:30,1014.5023,1.7408638,0.5579326,301.95776,15.781682,132,0.3579023
22-01-2025 07:30,1013.3264,1.9918433,0.2931379,302.65353,15.971487,102,0.36613646
22-01-2025 08:30,1012.11743,1.9536052,0.027177095,302.24332,16.116426,88,0.60588944
23-01-2025 05:30,1016.5647,1.4908983,-3.0032034,298.42392,14.446613,162,0.5132357
23-01-2025 06:30,1015.8869,1.8039906,-3.2915423,300.2838,13.407951,128,0.6576416
23-01-2025 07:30,1014.9272,2.1821113,-3.426863,300.90594,12.409438,72,0.7235717
23-01-2025 08:30,1014.05347,2.530315,-3.5348783,300.46347,11.458765,47,0.6532249
24-01-2025 05:30,1017.41077,4.7498226,-3.9678764,297.31836,6.7489877,114,0.48795822
24-01-2025 06:30,1016.8061,4.459675,-4.2128296,299.20978,6.758374,100,0.54285485
24-01-2025 07:30,1015.8694,4.145747,-4.3030596,299.90005,6.745137,72,0.6242659
24-01-2025 08:30,1015.03046,3.9133914,-4.439615,299.51352,6.6628,58,0.8725185
25-01-2025 05:30,1016.427,4.546975,-2.6246586,297.11792,4.28892,69,0.7258777
25-01-2025 06:30,1015.70953,4.626748,-2.9274008,299.51187,4.249132,62,0.72342646
25-01-2025 07:30,1014.6447,4.3608494,-2.796746,300.52127,4.2346463,56,0.8406837
25-01-2025 08:30,1013.7347,4.152708,-2.727609,300.30695,4.243202,48,1.2793844
26-01-2025 05:30,1016.10376,3.4210978,-0.9377565,296.65814,2.9960032,106,1.2654107
26-01-2025 06:30,1015.34125,3.8979936,-2.1608534,299.56085,3.1461751,99,1.383378
26-01-2025 07:30,1014.22156,3.6499512,-2.5351477,300.54974,3.3032303,68,1.9159514
26-01-2025 08:30,1013.28705,3.3944252,-2.756108,300.2439,3.448079,72,0.9227122
27-01-2025 05:30,1014.7351,3.108805,-1.3698367,297.17395,3.038493,121,0.8718667
27-01-2025 06:30,1013.9975,3.6264293,-2.0923734,299.44296,3.2082305,123,0.92666125
27-01-2025 07:30,1012.89594,3.6519191,-2.2498658,300.34396,3.395953,88,0.55584663
27-01-2025 08:30,1011.98584,3.6517332,-2.4566998,300.01746,3.5585582,77,0.320097
28-01-2025 05:30,1014.00366,2.9657125,-1.0499873,298.3954,3.760511,193,0.2900441
28-01-2025 06:30,1013.40936,2.8496459,-1.581671,300.6408,4.1778135,130,0.324551
28-01-2025 07:30,1012.3727,2.3093238,-1.7304138,301.78183,4.614765,122,2.120552
28-01-2025 08:30,1011.2961,1.7366804,-1.6522144,301.63425,5.0631146,103,2.120552
29-01-2025 05:30,1015.79694,-2.288117,3.6402082,297.3028,9.517524,304,2.120552
29-01-2025 06:30,1014.9244,-2.1767383,4.2974143,300.44028,9.380709,260,2.120552
29-01-2025 07:30,1013.7288,-1.7171348,4.1097546,301.95834,9.313772,227,0.48369166
29-01-2025 08:30,1012.6985,-1.3982633,3.787655,302.05872,9.39915,175,0.40085518
30-01-2025 05:30,1012.4614,-1.5042256,3.6056092,297.62628,10.066843,174,0.46062815
30-01-2025 06:30,1011.55334,-1.3348947,4.1392975,300.399,10.3912945,135,0.4532445
30-01-2025 07:30,1010.315,-1.0896401,3.7518268,301.798,10.844161,119,0.40102047
30-01-2025 08:30,1009.20374,-0.89998114,3.247023,301.83344,11.346207,119,0.30390686
31-01-2025 05:30,1012.14026,0.11735446,1.5965669,299.52188,10.196425,257,0.36445367
31-01-2025 06:30,1011.7109,1.2226859,1.8082829,302.0929,10.509672,240,0.35733786
31-01-2025 07:30,1010.74146,1.6809697,1.7073536,302.88272,10.838173,147,0.36841157
31-01-2025 08:30,1009.66547,1.6562135,1.5149536,302.57266,11.18012,132,0.39892754
01-02-2025 05:30,1014.988,-2.3022356,2.9438386,299.74734,13.984282,237,0.3925631
01-02-2025 06:30,1014.5522,-2.200686,3.2459219,301.10132,14.329628,300,0.37323388
01-02-2025 07:30,1013.6339,-1.7590419,3.0735035,301.7997,14.645561,276,0.45438442
01-02-2025 08:30,1012.71533,-1.3528781,2.7728133,301.43506,14.959348,302,0.4301778
02-02-2025 05:30,1016.9625,1.2620373,-1.6696074,300.04453,12.396519,202,0.4679454
02-02-2025 06:30,1016.41376,1.311817,-1.3735737,302.45142,12.355384,172,0.38918817
02-02-2025 07:30,1015.3425,1.4003558,-1.2626362,303.23218,12.296287,167,0.52378124
02-02-2025 08:30,1014.2286,1.5397044,-1.3960879,302.66388,12.236172,160,0.6374575
03-02-2025 05:30,1015.20764,1.2893558,-0.2693646,300.60095,9.998788,140,0.5867439
03-02-2025 06:30,1014.91876,2.6555457,0.46255028,302.391,11.546824,135,0.56323975
03-02-2025 07:30,1014.397,3.1068087,0.65489846,303.08298,13.107017,105,0.67273414
03-02-2025 08:30,1013.51904,2.7505088,0.6754739,303.00165,14.242047,72,0.80868983
04-02-2025 05:30,1015.9763,-1.8997382,2.1949658,297.2549,24.016111,118,0.72013324
04-02-2025 06:30,1015.581,-1.3319273,2.7371542,298.3786,23.48534,117,1.3187697
04-02-2025 07:30,1014.7903,-0.37617493,2.5867925,298.72467,22.910244,134,0.604495
04-02-2025 08:30,1014.063,0.8338499,2.267266,298.24194,22.555168,161,0.5027139
05-02-2025 05:30,1017.04596,4.8070087,-4.1487036,297.55438,5.8532667,128,0.5178691
05-02-2025 06:30,1016.71533,4.730972,-3.6047277,299.42084,5.9197025,102,0.56018406
05-02-2025 07:30,1015.83484,4.581631,-3.4527364,300.13522,6.0264144,83,0.511474
05-02-2025 08:30,1014.891,4.3001204,-3.5582004,299.82672,6.1135664,62,0.50044894
06-02-2025 05:30,1019.2417,3.5794497,-4.3584347,297.66623,5.493974,110,0.46262777
06-02-2025 06:30,1018.6241,3.9772043,-4.3589644,299.36148,5.525701,77,0.524329
06-02-2025 07:30,1017.5188,4.033575,-4.326644,300.02237,5.5500135,45,0.55190605
06-02-2025 08:30,1016.47107,3.9829898,-4.444645,299.60196,5.5799503,36,0.52240384
07-02-2025 05:30,1017.86584,5.4357243,-3.7890534,297.3997,5.853649,75,0.5030679
07-02-2025 06:30,1017.175,5.447933,-3.5472867,299.36478,6.1653967,56,0.47632468
07-02-2025 07:30,1016.293,5.519621,-3.3149037,300.2633,6.593757,41,0.51375926
07-02-2025 08:30,1015.5133,5.546151,-3.212267,300.064,7.1209836,35,0.5120214
08-02-2025 05:30,1016.5975,3.5172021,-4.6528625,299.01807,11.218396,100,0.45619416
08-02-2025 06:30,1015.92,3.3464317,-4.331133,301.97382,11.16721,80,0.451836
08-02-2025 07:30,1014.77545,2.9827495,-3.9054925,302.36636,11.276425,80,1.1850991
08-02-2025 08:30,1013.7901,2.932567,-3.521347,303.02774,11.076615,64,0.925348
09-02-2025 05:30,1016.03955,1.7499242,-1.0579251,302.13763,9.415859,111,0.8328127
09-02-2025 06:30,1015.0533,1.729368,-0.84882003,304.25958,9.619917,121,0.78254354
09-02-2025 07:30,1013.8094,1.6423392,-0.5411824,305.27722,9.806263,113,0.8655036
09-02-2025 08:30,1012.72876,1.5652168,-0.36628565,304.97467,9.901915,73,0.65393925
10-02-2025 05:30,1015.6725,1.5113012,1.4941206,303.18036,12.8083935,150,0.88164735
10-02-2025 06:30,1014.8575,1.6692175,0.6010197,305.7966,13.444686,130,1.1868709
10-02-2025 07:30,1013.6429,1.7592759,-0.102971435,306.32727,14.088872,94,1.1256411
10-02-2025 08:30,1012.4412,1.6558309,-0.6151806,305.88013,14.553543,75,0.7716291
11-02-2025 05:30,1014.7647,0.71560204,1.6239862,304.15253,12.556219,173,0.7080994
11-02-2025 06:30,1014.1105,0.97449124,0.4319483,306.87192,12.567153,141,0.77649325
11-02-2025 07:30,1012.98413,1.2774844,-0.63594127,307.53543,12.566431,141,2.034054
11-02-2025 08:30,1011.9263,1.4540677,-1.5821228,306.66968,12.5502205,73,1.0067008
12-02-2025 05:30,1016.34454,3.1343148,-4.329532,301.68274,10.951829,44,0.8328708
12-02-2025 06:30,1015.83813,3.9803815,-4.4460144,303.4291,10.684031,41,0.78422576
12-02-2025 07:30,1014.9341,4.4009237,-4.59336,303.7688,10.528972,33,1.4395599
12-02-2025 08:30,1014.101,4.5714684,-4.7982492,303.14056,10.356587,28,1.6258123
13-02-2025 05:30,1016.22534,4.540922,-4.6498213,301.09015,7.161849,61,1.5017221
13-02-2025 06:30,1015.4891,4.6217847,-4.711849,303.17374,7.649989,55,1.2271949
13-02-2025 07:30,1014.5734,5.1488733,-4.8771343,303.84875,8.139889,38,1.3867606
13-02-2025 08:30,1013.6873,5.6527147,-5.136203,303.3254,8.658964,34,1.3179826
14-02-2025 05:30,1014.8269,4.981295,-3.94076,301.72382,12.125062,63,1.3109736
14-02-2025 06:30,1014.0397,5.282668,-4.633163,303.80334,12.12509,52,1.253505
14-02-2025 07:30,1012.8934,5.461077,-4.972087,304.74377,12.206996,35,0.759215
14-02-2025 08:30,1011.78186,5.649063,-5.1026287,304.49142,12.296451,27,0.8639051
15-02-2025 05:30,1011.5277,0.17735887,0.6668836,303.5113,18.743727,106,1.9635316
15-02-2025 06:30,1011.5123,0.1280421,-2.3025773,304.67203,18.3844,105,1.2546504
15-02-2025 07:30,1010.6653,-1.1327384,-4.032338,305.0071,17.525124,67,0.9376643
15-02-2025 08:30,1009.89484,-1.8595629,-4.7628794,304.20987,16.345652,61,0.95350355
16-02-2025 05:30,1014.1503,-0.8545263,0.4316001,304.73022,11.970337,144,1.1165348
16-02-2025 06:30,1013.36505,0.11398435,0.26372552,306.77127,12.380908,74,0.9292691
16-02-2025 07:30,1012.21326,0.8924985,0.22348452,307.24408,13.006506,101,0.6843414
16-02-2025 08:30,1011.0522,1.2958207,0.087165356,305.94244,13.737497,73,0.7493821
17-02-2025 05:30,1016.7961,-0.3629756,0.23061538,306.39264,15.917345,107,0.66178733
17-02-2025 06:30,1016.1306,0.0717324,-0.5445578,308.66257,15.585054,89,0.6835063
17-02-2025 07:30,1015.15533,0.7030901,-0.92547035,309.18884,15.506635,85,0.69927293
17-02-2025 08:30,1014.0886,1.2054102,-1.3529567,308.33234,15.357803,68,0.7909204
18-02-2025 05:30,1016.4383,1.9931124,-0.20875734,305.80847,17.24059,152,0.74154633
18-02-2025 06:30,1015.77075,2.3861346,-1.1234581,307.58044,17.186142,79,0.8057327
18-02-2025 07:30,1014.4685,2.3685899,-1.7904332,308.09988,16.944166,55,1.0004963
18-02-2025 08:30,1013.1191,2.14655,-2.2732763,307.57175,16.647467,41,1.0931326
19-02-2025 05:30,1014.4204,2.854991,-0.34788382,304.88885,14.508053,85,1.3493081
19-02-2025 06:30,1013.50775,3.0310838,-0.4145367,305.39856,14.834274,72,2.0652978
19-02-2025 07:30,1012.13586,2.7876263,-0.5068219,305.85416,15.167219,64,1.0991299
19-02-2025 08:30,1010.78076,2.2780218,-0.47868788,306.18784,15.460296,74,1.0320617
20-02-2025 05:30,1014.8702,-4.813789,5.69551,300.97095,22.870928,80,1.039043
20-02-2025 06:30,1014.2084,-4.18703,6.361057,303.30466,22.441261,47,1.269311
20-02-2025 07:30,1013.21533,-3.4283006,6.7023473,304.43793,21.871103,38,1.616727
20-02-2025 08:30,1012.0758,-2.908605,6.738697,304.56107,21.410292,30,1.6332706
21-02-2025 05:30,1018.41376,-0.37891805,1.5519724,304.4512,15.841763,67,1.6498142
21-02-2025 06:30,1017.58875,0.67922986,1.249613,305.99008,15.517311,59,1.6663579
21-02-2025 07:30,1016.3554,1.4525839,0.8423849,306.71555,15.138358,85,2.013774
21-02-2025 08:30,1015.16284,2.0711482,0.25322783,305.92633,14.681245,102,2.013774
22-02-2025 05:30,1017.68835,4.729809,-3.397302,300.24475,18.311436,72,2.0992093
22-02-2025 06:30,1017.2344,4.881229,-3.5405314,300.4667,19.750494,63,1.9283383
22-02-2025 07:30,1016.53827,4.7879934,-3.5708055,300.07294,21.02402,51,0.988334655
22-02-2025 08:30,1015.86505,4.6312714,-3.247757,300.80383,21.485111,41,0.988334655
23-02-2025 05:30,1018.8259,1.8302928,-1.5619731,304.37387,11.714863,131.05,0.988334655
23-02-2025 06:30,1018.12714,1.9746419,-1.0454175,306.28387,11.676786,131.05,0.988334655
23-02-2025 07:30,1016.9615,2.2010493,-0.70235276,307.02878,11.627195,131.05,0.988334655
23-02-2025 08:30,1015.7728,2.3888402,-0.5797753,306.5984,11.50714,131.05,0.988334655
24-02-2025 05:30,1020.4372,2.6856794,-1.1922017,304.25775,12.701351,131.05,0.988334655
24-02-2025 06:30,1019.6106,2.7217536,-2.0528398,305.78592,13.025927,131.05,0.988334655
24-02-2025 07:30,1018.5078,2.7132215,-2.7937376,306.39136,13.412994,131.05,0.988334655
24-02-2025 08:30,1017.3063,2.572033,-3.2230673,305.9964,13.780531,36,0.988334655
25-02-2025 05:30,1019.8528,1.5389754,0.96806985,305.63354,21.896057,102,0.988334655
25-02-2025 06:30,1019.4111,1.4789915,-0.76425415,308.2095,23.191301,88,0.988334655
25-02-2025 07:30,1018.4113,1.0401806,-1.8224158,309.37338,24.033546,63,0.988334655
25-02-2025 08:30,1017.3386,0.6243808,-2.289193,308.88678,24.282234,48,0.988334655
26-02-2025 05:30,1019.9639,-1.6104363,-0.02391912,302.55475,26.357632,136,0.988334655
26-02-2025 06:30,1019.1732,-0.24079761,-0.4638168,303.71823,26.197348,111,0.988334655
26-02-2025 07:30,1017.8868,-0.11241609,-0.35648835,305.74222,26.106066,90,0.988334655
26-02-2025 08:30,1016.295,-0.19637853,-0.038194776,309.35132,26.114086,74,0.988334655
27-02-2025 05:30,1018.0494,-1.8961337,2.494356,297.4769,29.035362,22,0.988334655
27-02-2025 06:30,1017.1446,-1.956943,1.9819311,300.2929,29.767595,18,0.988334655
27-02-2025 07:30,1015.01843,-3.30472,1.4357913,301.10168,29.350882,18,0.988334655
27-02-2025 08:30,1013.23474,-3.726984,1.691251,302.85168,28.965506,31,0.988334655
28-02-2025 05:30,1014.40594,-2.7222846,2.457639,293.78784,30.763897,131.05,0.988334655
28-02-2025 06:30,1014.33154,-2.7381132,2.6519413,294.58234,31.36547,131.05,0.988334655
28-02-2025 07:30,1013.14594,-3.762294,2.9893937,296.2923,31.381258,131.05,0.988334655
28-02-2025 08:30,1011.1269,-4.975203,3.2099943,298.09595,30.764378,131.05,0.988334655
